Date,Close,High,Low,Open,Volume
,AAPL,AAPL,AAPL,AAPL,AAPL
2015-01-02,24.261043548583984,24.729266505118662,23.82166783410134,24.718170500399545,212818400
2015-01-05,23.57757568359375,24.11015184940222,23.39117495671791,24.030265339880305,257142000
2015-01-06,23.57979393005371,23.83942422525078,23.218085117057225,23.641927502270494,263188400
2015-01-07,23.910436630249023,24.01029392504949,23.67743401836389,23.788387320592424,160423600
2015-01-08,24.829130172729492,24.886826364711517,24.12124755318299,24.238859477265255,237458000
2015-01-09,24.85576057434082,25.13092430460362,24.456327987658426,25.00221806078228,214798000
2015-01-12,24.2432918548584,24.99333542358363,24.143434579343243,24.986678497617646,198603200
2015-01-13,24.458539962768555,25.0310592622604,24.16784292699338,24.727046682372265,268367600
2015-01-14,24.365346908569336,24.518461321069434,24.076867632996397,24.196697407787628,195826400
2015-01-15,23.704059600830078,24.42303640937501,23.668555430204687,24.409722557017083,240056000
2015-01-16,23.519882202148438,23.872714608651194,23.34457576901996,23.750665290329735,314053200
2015-01-20,24.125682830810547,24.181159473930325,23.633049969024885,23.930403963500748,199599600
2015-01-21,24.309864044189453,24.644941726946904,24.02582222854224,24.176718755318422,194303600
2015-01-22,24.942304611206055,24.957838007000497,24.347594797483953,24.467424576332416,215185600
2015-01-23,25.071002960205078,25.24187026011724,24.749237444378423,24.920106437303215,185859200
2015-01-26,25.097627639770508,25.377230335323713,25.03105669807565,25.239647680334453,222460000
2015-01-27,24.218881607055664,24.960050391214992,24.194471750232253,24.94673484648506,382274800
2015-01-28,25.58804702758789,26.211605664482956,25.58804702758789,26.102870222038018,585908400
2015-01-29,26.38469123840332,26.449044346198512,25.643522421911083,25.812171887408386,337745600
2015-01-30,25.998573303222656,26.62878711906101,25.92978111858312,26.27373696274273,334982000
2015-02-02,26.324779510498047,26.44460927839695,25.758918692823972,26.19607496839598,250956400
2015-02-03,26.3292179107666,26.42685566159745,26.098434848144024,26.295931582818667,207662800
2015-02-04,26.531145095825195,26.74195732236966,26.253761923802895,26.295924707714292,280598800
2015-02-05,26.720518112182617,26.785125203713097,26.566797732344764,26.738339410088408,168984800
2015-02-06,26.49551010131836,26.789582792466167,26.38857380467608,26.738342094145022,174826400
2015-02-09,26.671504974365234,26.698237770325253,26.384115519933175,26.410850015587748,155559200
2015-02-10,27.18390464782715,27.21286744437979,26.76953099407376,26.771757594043475,248034000
2015-02-11,27.821062088012695,27.829973586883128,27.290840652931514,27.350991145688674,294247200
2015-02-12,28.173053741455078,28.40029267386532,27.974777600256637,28.08394046795487,297898000
2015-02-13,28.31117820739746,28.355733992422923,27.99259941535206,28.355733992422923,217088800
2015-02-17,28.478273391723633,28.712195581677314,28.275540600471146,28.40252649509592,252609600
2015-02-18,28.676544189453125,28.68991058646957,28.393609654845907,28.43371054558967,179566800
2015-02-19,28.616392135620117,28.745606306357125,28.589659341463797,28.623075334159196,149449600
2015-02-20,28.850317001342773,28.850317001342773,28.52728324375384,28.6542674273515,195793600
2015-02-23,29.630062103271484,29.630062103271484,28.885969630215854,28.966171438049933,283896400
2015-02-24,29.44514274597168,29.763723273660514,29.222360396316702,29.616686107034898,276912400
2015-02-25,28.6921443939209,29.318165806360845,28.549563790946433,29.309252606518225,298846800
2015-02-26,29.05528450012207,29.15553591508089,28.206483974405828,28.69214804657485,365150000
2015-02-27,28.61862564086914,29.08869659224438,28.56961324598533,28.961709005666517,248059200
2015-03-02,28.758970260620117,29.024081778114386,28.58297371505887,28.794616249393325,192386800
2015-03-03,28.819124221801758,28.854770212776685,28.53618969244507,28.73001264375324,151265200
2015-03-04,28.636445999145508,28.863684981508023,28.58743700235103,28.761206989043135,126665200
2015-03-05,28.161922454833984,28.68323242638036,28.017113562839526,28.645359828384883,226068400
2015-03-06,28.20425033569336,28.821356810351375,28.128505138673894,28.605257619321517,291368400
2015-03-09,28.324548721313477,28.865911616282308,27.861161011018062,28.507230185990295,354114000
2015-03-10,27.73863410949707,28.34237414444632,27.580458826512846,28.16192096380277,275426400
2015-03-11,27.2329158782959,27.796554990966435,27.203954782675737,27.79210009152278,275756000
2015-03-12,27.725269317626953,27.82552241859193,27.09702301042018,27.248515112142833,193450800
2015-03-13,27.533668518066406,27.936905708282026,27.308659578991268,27.714123368821554,207309200
2015-03-16,27.83665657043457,27.83665657043457,27.373270530624637,27.598279501504912,143497200
2015-03-17,28.302276611328125,28.364655412063208,27.992609207896937,28.048304808509666,204092400
2015-03-18,28.620847702026367,28.774568061657938,28.153005124528036,28.29335738786922,261083600
2015-03-19,28.404748916625977,28.794618019403195,28.382471022120445,28.683226847181135,183238000
2015-03-20,28.048297882080078,28.605252050974638,27.883439420892177,28.57183605861484,274780400
2015-03-23,28.340147018432617,28.482727608990597,28.186426628736324,28.320097419617298,150838800
2015-03-24,28.22429656982422,28.525050703803593,28.19533377641262,28.344599243232636,131369200
2015-03-25,27.48689079284668,28.253262761877014,27.48689079284668,28.190883964341012,206620800
2015-03-26,27.67848014831543,27.821060723861976,27.31311721101558,27.348763204749485,190291600
2015-03-27,27.457927703857422,27.780961467554363,27.382182512251926,27.75200037071014,158184800
2015-03-30,28.15300941467285,28.159692613989286,27.62501457264434,27.636154371301487,188398800
2015-03-31,27.720813751220703,28.179744945544357,27.7052190514047,28.09063164672656,168362400
2015-04-01,27.680707931518555,27.874529194518605,27.424507880342258,27.807693807361485,162485600
2015-04-02,27.919086456298828,27.972553749023255,27.667342990847324,27.85447936523012,128880400
2015-04-06,28.3713321685791,28.40697816072897,27.69853021384769,27.729719607131596,148776000
2015-04-07,28.072805404663086,28.54287461627673,28.06612220587488,28.43594003627644,140049200
2015-04-08,27.981462478637695,28.15968903634079,27.84111021174024,28.037158065458108,149316800
2015-04-09,28.195331573486328,28.199788171983503,27.772046499747482,28.03715632072283,129936000
2015-04-10,28.315641403198242,28.34014760205144,27.905722621826133,28.0594413149933,160752000
2015-04-13,28.259946823120117,28.64313451901096,28.206479523558635,28.598575319935915,145460400
2015-04-14,28.137414932250977,28.35796900985864,28.050529941081454,28.293361916479697,102098400
2015-04-15,28.244352340698242,28.32232584059543,28.07281064092443,28.16192394067614,115881600
2015-04-16,28.108455657958984,28.31564336279606,28.095089257548484,28.132961858508146,113476000
2015-04-17,27.79210090637207,28.101768267469506,27.727493814530177,27.97032748384589,207828000
2015-04-20,28.42702865600586,28.542874734769516,27.885667455885272,27.97478073938513,188217200
2015-04-21,28.273311614990234,28.56069937881998,28.219842621989464,28.538423181278237,129740400
2015-04-22,28.654272079467773,28.709967681176824,28.141873563561433,28.29113736821492,150618000
2015-04-23,28.888187408447266,29.05527417379222,28.54733067909467,28.582976671554942,183083600
2015-04-24,29.02408790588379,29.102063097864274,28.790165729331633,29.070873700949942,178103600
2015-04-27,29.552074432373047,29.659012397311027,29.21790094056609,29.476329256750056,387816800
2015-04-28,29.086458206176758,29.973130859014958,28.8659058921822,29.955311265458246,475696000
2015-04-29,28.658720016479492,29.31592723810783,28.582974836904967,28.99735012433859,253544400
2015-04-30,27.88121795654297,28.65872806378421,27.75423205536205,28.65872806378421,332781600
2015-05-01,28.727781295776367,28.99066621763661,27.91462713625197,28.092851983674798,234050400
2015-05-04,28.67208480834961,29.088690071472158,28.574060040556066,28.850311349848,203953200
2015-05-05,28.026025772094727,28.616397754901502,28.021569172397257,28.54956235699764,197085600
2015-05-06,27.850025177001953,28.23766603361999,27.482433918282176,28.195336838464158,288564000
2015-05-07,28.02228355407715,28.205728097991734,27.744878277488812,27.91266298375682,175763600
2015-05-08,28.550249099731445,28.550249099731445,28.212442045957022,28.33995836725281,222201600
2015-05-11,28.259416580200195,28.536820128929442,28.10505411598105,28.498789341360546,168143200
2015-05-12,28.158754348754883,28.384703237219156,27.923855029181347,28.09835088632985,192640000
2015-05-13,28.190067291259766,28.454048621651697,28.158747617043286,28.221386965476245,138776800
2015-05-14,28.847780227661133,28.847780227661133,28.447335604555988,28.50326383431632,180814000
2015-05-15,28.807518005371094,28.968591605131238,28.682239297466264,28.874632574202614,152832000
2015-05-18,29.12518882751465,29.243756415162714,28.715793728930535,28.72026894363102,203531600
2015-05-19,29.09834098815918,29.27954790622129,29.00214265800493,29.23704190547324,178532800
2015-05-20,29.09610366821289,29.301919157992057,28.935030082544245,29.082681438338582,145819600
2015-05-21,29.393638610839844,29.447330937222763,29.04464702332097,29.098339349703892,158921600
2015-05-22,29.650915145874023,29.74711349675572,29.39588250002319,29.440627824296897,182384000
2015-05-26,28.99767303466797,29.733690591069326,28.885816553696607,29.664340119041306,282790400
2015-05-27,29.539052963256836,29.588270079591037,29.093866429490628,29.15874167542845,183332800
2015-05-28,29.480886459350586,29.518917243713908,29.3287633218973,29.498783901448864,122933200
2015-05-29,29.145320892333984,29.40706461659608,29.060308884704277,29.357847497819773,203538000
2015-06-01,29.2034854888916,29.39364285204603,29.093868333726718,29.145321353775305,128451200
2015-06-02,29.07373809814453,29.230336489121086,28.930561938738983,29.051365436466924,134670400
2015-06-03,29.109521865844727,29.292968084951948,29.060304754064152,29.23032874515631,123934000
2015-06-04,28.939504623413086,29.21243466979933,28.838834488110578,28.988721740865582,153800400
2015-06-05,28.78066635131836,29.013329704244754,28.71579110523769,28.970823702445415,142507200
2015-06-08,28.590518951416016,28.905955066130172,28.37351709209542,28.836601176310815,210699200
2015-06-09,28.505496978759766,28.65314831031358,28.102814787492374,28.344423419535225,224301600
2015-06-10,28.832128524780273,28.935034578866574,28.6017027331011,28.617362572652645,156349200
2015-06-11,28.767244338989258,29.122947072116407,28.74263578058238,28.899234146086,141563600
2015-06-12,28.44957733154297,28.70908519004125,28.436155099825633,28.67776551150449,147544800
2015-06-15,28.39363670349121,28.46522475274388,28.12294433891726,28.210192220606643,175955600
2015-06-16,28.5457706451416,28.60169887983302,28.27060468626461,28.418254338316935,125976400
2015-06-17,28.478660583496094,28.608412803555034,28.353380164867737,28.572619617371533,131672400
2015-06-18,28.608409881591797,28.704606513151777,28.460760230124308,28.462997837405496,141628800
2015-06-19,28.322063446044922,28.594993559737375,28.277321531942228,28.570384994942508,218867600
2015-06-22,28.548009872436523,28.648680017876067,28.42944228124948,28.521163703815272,136157200
2015-06-23,28.418254852294922,28.548008768756393,28.384697569514294,28.51892670063681,121075600
2015-06-24,28.659870147705078,29.03794563197054,28.438394774299702,28.45852812333901,221123600
2015-06-25,28.523395538330078,28.903706796123537,28.523395538330078,28.827645227282453,127752400
2015-06-26,28.355615615844727,28.63301918814861,28.301924987255592,28.561431114431663,176267200
2015-06-29,27.858970642089844,28.292974268449026,27.847786019769835,28.067023733336914,196645600
2015-06-30,28.060319900512695,28.21468240701741,27.932803566772385,28.091639582007183,177482800
2015-07-01,28.322063446044922,28.39812674817305,28.185598389198695,28.389178023993583,120955200
2015-07-02,28.286264419555664,28.342192654041153,28.136375453970906,28.284026812273847,108844000
2015-07-06,28.187828063964844,28.239282786817057,27.93055786329205,27.950692913727835,112241600
2015-07-07,28.118478775024414,28.221386518218267,27.688948651387808,28.163220678397668,187787200
2015-07-08,27.420488357543945,27.883573963102968,27.41377724405371,27.847780788890407,243046400
2015-07-09,26.861207962036133,27.753821959364338,26.67105233749369,27.706842454956956,314380000
2015-07-10,27.579326629638672,27.706842917098204,27.11624098499153,27.279552156478864,245418000
2015-07-13,28.11176872253418,28.134139675066198,27.81199249686344,27.970828478673333,165762000
2015-07-14,28.1005802154541,28.270602513752706,27.973063918428686,28.19677684000269,127072400
2015-07-15,28.371273040771484,28.445098715549413,28.093869492059643,28.125189164972554,134596800
2015-07-16,28.74934959411621,28.762775238352578,28.489843463092814,28.57709137589152,144889600
2015-07-17,28.99767303466797,28.99767303466797,28.70460960069722,28.87686953719801,184658800
2015-07-20,29.545761108398438,29.747101330931066,29.239272147697,29.299675579891822,235600800
2015-07-21,29.25046730041504,29.735923977146935,29.154272373437163,29.72026584620132,307025600
2015-07-22,28.013334274291992,28.075973623632137,27.290740736017007,27.290740736017007,461802400
2015-07-23,27.999910354614258,28.43167465891091,27.97753769680489,28.232570293325455,203998000
2015-07-24,27.85226058959961,28.1296641529109,27.718033169080872,28.03570512922721,168649200
2015-07-27,27.46523666381836,27.653156419384597,27.31982461946616,27.53682473574972,177822000
2015-07-28,27.601707458496094,27.72027677418331,27.416026978220053,27.601707458496094,134472400
2015-07-29,27.51445198059082,27.62854604946669,27.353378402599983,27.550246867608408,148046800
2015-07-30,27.37575340270996,27.420495308516003,27.228102041320284,27.364567072861302,134513200
2015-07-31,27.13637351989746,27.436147965284565,27.04912563165531,27.42719924510667,171540000
2015-08-03,26.496562957763672,27.42049684821354,26.290745741833785,27.18112405444208,279904000
2015-08-04,25.646446228027344,26.33100714273593,25.335485439529396,26.268367805023242,496554400
2015-08-05,25.81647300720215,26.272847598831326,25.07821963993261,25.268375293079536,397250400
2015-08-06,25.872655868530273,26.180530535835594,25.6456842631462,26.061426250639563,211612000
2015-08-07,25.96029281616211,26.12434320963063,25.73107352690501,25.749051981028636,154681600
2015-08-10,26.904144287109375,26.964819433852004,26.18726920287338,26.18726920287338,219806400
2015-08-11,25.50410270690918,26.558066106440315,25.46814750972999,26.474917034026074,388331200
2015-08-12,25.89737319946289,25.937823869070375,24.636662663636294,25.288367134192427,404870000
2015-08-13,25.877147674560547,26.158054614765245,25.740064950579065,26.0771532788247,194143200
2015-08-14,26.059181213378906,26.13783483301962,25.620966965008986,25.69063135461643,171718000
2015-08-17,26.328845977783203,26.438961016033268,25.95580074582604,26.077152747263195,163538800
2015-08-18,26.180526733398438,26.391769300322867,26.070411693297782,26.164796013384056,138242800
2015-08-19,25.845693588256836,26.185028034120116,25.77153372345742,26.090643686841073,193146000
2015-08-20,25.31533432006836,25.697367080875384,25.0861132919682,25.63669193491942,274006400
2015-08-21,23.7669734954834,25.146788168407536,23.742253549020607,24.81644135160456,513102000
2015-08-24,23.1737003326416,24.450141580271602,20.674751491642034,21.31971446518457,648825200
2015-08-25,23.313034057617188,24.969262403230108,23.25910039184671,24.969262403230108,414406400
2015-08-26,24.650144577026367,24.69508899839027,23.60741822780192,24.065856812176996,387098400
2015-08-27,25.37600326538086,25.447915357414647,24.724298966907437,25.220943834928967,338464400
2015-08-28,25.459157943725586,25.46365170036834,25.06588822846854,25.207464708733916,212657600
2015-08-31,25.340057373046875,25.73782090298381,25.169265448863946,25.176006942071666,224917200
2015-09-01,24.207439422607422,25.14229693113925,24.12653807774639,24.75352264315936,307383600
2015-09-02,25.245662689208984,25.245662689208984,24.524294015886948,24.771493445748956,247555200
2015-09-03,24.80295753479004,25.344545174283777,24.728797697892638,25.279374564390885,212935600
2015-09-04,24.55575942993164,24.820935640339997,24.384969251005455,24.48834279546704,199985200
2015-09-08,25.238929748535156,25.295111144441982,24.791726317182476,25.113083970350317,219374400
2015-09-09,24.753524780273438,25.623211740834503,24.6681279563695,25.564784320239447,340043200
2015-09-10,25.2973575592041,25.4569125095044,24.697340693739587,24.780488058046473,251571200
2015-09-11,25.6658992767334,25.6658992767334,25.11532248480663,25.12206397551699,199662000
2015-09-14,25.91310691833496,26.268173757691024,25.811981089875907,26.198509374286793,233453600
2015-09-15,26.13109016418457,26.187271559176203,25.71310044828522,26.05243655410031,173364800
2015-09-16,26.160306930541992,26.1895206402109,25.942322832454952,26.124350012930844,148694000
2015-09-17,25.60074234008789,26.178287117640696,25.555797901683327,25.991766155193375,256450400
2015-09-18,25.4951171875,25.686135308277102,25.14005206268317,25.21645793937788,297141200
2015-09-21,25.89063262939453,25.92658954344671,25.542309025744235,25.544555046982474,200888000
2015-09-22,25.483875274658203,25.659160912564044,25.286115712286712,25.479379803957187,201384800
2015-09-23,25.690624237060547,25.78051479796886,25.461404935538205,25.535563062356704,143026800
2015-09-24,25.843441009521484,25.955803796519405,25.252413367139653,25.450171255028767,200878000
2015-09-25,25.778263092041016,26.223220357018167,25.623201941219957,26.167038979418606,224607600
2015-09-28,25.268146514892578,25.746811416236124,25.268146514892578,25.585008713100212,208436000
2015-09-29,24.50857162475586,25.508601501548267,24.238901609957985,25.355788035957435,293461600
2015-09-30,24.7872314453125,25.065890676414476,24.434412363463366,24.758016023461767,265892000
2015-10-01,24.62543296813965,24.63442219835979,24.115304868898864,24.510822425983292,255716400
2015-10-02,24.805206298828125,24.94678449665644,24.169234277235294,24.2726078274395,232079200
2015-10-05,24.89510154724121,25.027690542011847,24.51082097924402,24.692848165526833,208258800
2015-10-06,25.014202117919922,25.11083417955277,24.668124541712046,24.861388664977746,192787200
2015-10-07,24.89510154724121,25.1175794098669,24.587228574345122,25.110837916229798,187062400
2015-10-08,24.607444763183594,24.76250592266639,24.317548632833866,24.76250592266639,247918400
2015-10-09,25.196229934692383,25.232185132071688,24.605200625618203,24.7198111391471,211064400
2015-10-12,25.079370498657227,25.337805218512766,25.043415302979504,25.333311461997994,121868800
2015-10-13,25.1220703125,25.270388289099376,24.87262480617747,24.904086247108243,132197200
2015-10-14,24.767004013061523,25.06139395100104,24.620932054675972,25.009708031807985,177849600
2015-10-15,25.137802124023438,25.191735780171378,24.829927479243928,24.92880727761516,150694000
2015-10-16,24.953523635864258,25.169259943926974,24.83891313283977,25.119820051856813,156930400
2015-10-19,25.108596801757812,25.113090560220694,24.744540643523173,24.89960188556173,119036800
2015-10-20,25.567028045654297,25.65691861902344,24.904088281782034,25.020944826997862,195871200
2015-10-21,25.564781188964844,25.973781655635417,25.55129648896206,25.6187148454159,167180800
2015-10-22,25.955799102783203,25.955799102783203,25.64118301317885,25.692870640239754,166616400
2015-10-23,26.760324478149414,26.79403366057311,26.142329086955865,26.225476460478045,237467600
2015-10-26,25.906360626220703,26.546828088370084,25.825459292631326,26.535592839800355,265335200
2015-10-27,25.742311477661133,26.189514825406913,25.616464008483966,25.933327845128844,279537600
2015-10-28,26.803014755249023,26.809757961734682,26.08164596806831,26.277157807676474,342205600
2015-10-29,27.0861759185791,27.122132837050888,26.578295589546713,26.67492766478933,204909200
2015-10-30,26.854700088500977,27.241228263679538,26.843463126505448,27.189540638827655,197461200
2015-11-02,27.23223876953125,27.272689431990326,26.879419769284738,27.14684368857083,128813200
2015-11-03,27.544607162475586,27.751354231227236,27.124369819115884,27.144596007645756,182076000
2015-11-04,27.416519165039062,27.825519628264583,27.331124066834178,27.67045843843886,179544400
2015-11-05,27.290130615234375,27.689598432935576,27.12312235636019,27.50002004779122,158210800
2015-11-06,27.32172393798828,27.49098953659011,27.22242262433913,27.333008999971888,132169200
2015-11-09,27.211143493652344,27.49099552888714,27.093786743992297,27.299161486362152,135485600
2015-11-10,26.35352897644043,26.646923419181427,26.19329105588032,26.382869453829933,236511600
2015-11-11,26.20457649230957,26.50022657454588,26.00145739228274,26.263255726063772,180872000
2015-11-12,26.116558074951172,26.36481398342589,26.10076001864439,26.238429532971633,130102400
2015-11-13,25.353731155395508,26.08270248717664,25.33793310037159,25.999197498130858,183249600
2015-11-16,25.768997192382812,25.782537890533277,25.051310918807488,25.137071543525202,152426800
2015-11-17,25.658411026000977,25.965346147002464,25.574906035688006,25.936005671613618,110467600
2015-11-18,26.470890045166016,26.51602686147571,26.066909168315345,26.12558840700528,186698800
2015-11-19,26.807159423828125,27.026076561662183,26.35127145781716,26.54987582645955,173183200
2015-11-20,26.924514770507812,27.064439894257518,26.822954380001207,26.90194464693389,137148400
2015-11-23,26.57470703125,27.021569104552775,26.48217431615619,26.917751324056567,129930000
2015-11-24,26.829727172851562,26.93580056462235,26.432518445268354,26.47991260974616,171212800
2015-11-25,26.637897491455078,26.908723546347577,26.61307172671012,26.904208831743524,85553200
2015-11-27,26.58824348449707,26.72365736025514,26.54084931672533,26.696574240731735,52185600
2015-11-30,26.698829650878906,26.949342892160754,26.574700847772107,26.628865361010153,156721200
2015-12-01,26.482173919677734,26.81393486397417,26.373844869617187,26.8003941631814,139409600
2015-12-02,26.242938995361328,26.655947482787614,26.197802189658912,26.48216716492991,133546400
2015-12-03,25.999202728271484,26.3580467958002,25.77802991344428,26.303882270801992,166278000
2015-12-04,26.863574981689453,26.913226492644938,25.978880654045188,26.019504461021633,231108000
2015-12-07,26.694311141967773,27.05089772396252,26.58823776564009,26.85229338908551,128336800
2015-12-08,26.68303108215332,26.766534346399656,26.373838619734773,26.522791458735053,137238000
2015-12-09,26.093990325927734,26.561163399170145,25.972118864839405,26.54987833501308,185445600
2015-12-10,26.218114852905273,26.391895181482443,26.069162007412285,26.18877609957485,116850800
2015-12-11,25.543312072753906,26.04208125585139,25.468834782309646,25.996944443262823,187544800
2015-12-14,25.385334014892578,25.43047083194064,24.77823401099873,25.317627067461288,257274800
2015-12-15,24.936214447021484,25.457553806738282,24.904618330900366,25.2634623952176,213292400
2015-12-16,25.1280460357666,25.274743258712757,24.554801287035072,25.06711116689984,224954000
2015-12-17,24.595426559448242,25.333423988396433,24.595426559448242,25.281515101448075,179091200
2015-12-18,23.92963981628418,24.717288527036718,23.8799883022676,24.57962076797971,385813200
2015-12-21,24.223041534423828,24.23206924169769,23.825831023669416,24.211756469866728,190362400
2015-12-22,24.200471878051758,24.311058273195176,24.02443417808636,24.238838340591045,131157600
2015-12-23,24.511919021606445,24.566083538400644,24.193698826490273,24.20949688229937,130629600
2015-12-24,24.381017684936523,24.599934811508824,24.36296227366362,24.599934811508824,54281600
2015-12-28,24.10793685913086,24.30428558916073,23.963497007795844,24.28171546337932,106816800
2015-12-29,24.541261672973633,24.696986620575306,24.11696973397246,24.139538142732025,123724800
2015-12-30,24.220779418945312,24.532227510343315,24.189183310623434,24.505146115700995,100855200
2015-12-31,23.755868911743164,24.155335065776598,23.656565851637144,24.150822072980475,163649200
2016-01-04,23.776174545288086,23.780689258914776,23.02012186753966,23.157791361555017,270597600
2016-01-05,23.18036651611328,23.889025238352783,23.112661288720396,23.86645682922182,223164000
2016-01-06,22.72673988342285,23.10363947163421,22.539420490200083,22.695143758211316,273829600
2016-01-07,21.767553329467773,22.5980831939566,21.763040338196326,22.27083708823236,324377600
2016-01-08,21.882659912109375,22.367888384113957,21.83752310060806,22.241503934423086,283192000
2016-01-11,22.236988067626953,22.356602161578994,21.968419404094625,22.33629111401381,198957600
2016-01-12,22.559717178344727,22.724469773607826,22.30694661578692,22.692873668520424,196616800
2016-01-13,21.97970199584961,22.837315048364253,21.95939095056826,22.640966334684354,249758400
2016-01-14,22.460420608520508,22.677082136934686,21.607322082128857,22.108348638100864,252680400
2016-01-15,21.9210262298584,22.051925392953642,21.521560112936886,21.711136786226017,319335600
2016-01-19,21.814950942993164,22.26406851106761,21.553152660105987,22.209904002209765,212350800
2016-01-20,21.84429168701172,22.16025450759533,21.08372424940403,21.46287928973259,289337600
2016-01-21,21.73370933532715,22.090294316035074,21.426774163732585,21.905230614502393,208646000
2016-01-22,22.889225006103516,22.89825271239898,22.200879189198982,22.259556697331114,263202000
2016-01-25,22.442363739013672,22.914049749437755,22.390454860586807,22.911792392499496,207178000
2016-01-26,22.566492080688477,22.76735381293576,22.133172504729767,22.552951382020684,300308000
2016-01-27,21.08372688293457,21.808183587259247,21.065671468792498,21.675028782144377,533478800
2016-01-28,21.23493766784668,21.331983369121573,20.851269577332417,21.167232445798984,222715200
2016-01-29,21.96841812133789,21.96841812133789,21.29361304917428,21.392916089762736,257666000
2016-02-01,21.76304817199707,21.82624040369523,21.530590296024908,21.772075879648117,163774000
2016-02-02,21.322961807250977,21.675033856144044,21.277823261329132,21.53510694657552,149428800
2016-02-03,21.7449893951416,21.855575783517853,21.23267954862153,21.440311626920305,183857200
2016-02-04,21.919713973999023,22.085360609990744,21.599768733525107,21.751799462907766,185886800
2016-02-05,21.334278106689453,21.992323642447158,21.259398418078742,21.9015584424802,185672400
2016-02-08,21.558923721313477,21.715491926616043,21.111906511618695,21.132327774013778,216085600
2016-02-09,21.55438232421875,21.769949882242138,21.31385602508739,21.395544528792783,177324800
2016-02-10,21.391008377075195,21.862986081295205,21.35243372569629,21.765413784088206,169374400
2016-02-11,21.26167106628418,21.493122464721772,21.00979840215052,21.282094063182832,200298800
2016-02-12,21.327476501464844,21.44320220444781,21.105103522151456,21.37285997871436,161405600
2016-02-16,21.928787231445312,21.976438569103458,21.468155902881136,21.561188972251205,196231600
2016-02-17,22.264623641967773,22.285044907114546,21.817606372039087,21.935599943470816,179452800
2016-02-18,21.842561721801758,22.439339989629463,21.80398534468879,22.427993690854684,156084000
2016-02-19,21.79263687133789,21.95601384968157,21.738178455623938,21.783560180185262,141496800
2016-02-22,21.983245849609375,21.987785061541857,21.765410419307297,21.853906008767453,137123200
2016-02-23,21.486312866210938,21.897023319567282,21.45454530248185,21.87433244993256,127770400
2016-02-24,21.806257247924805,21.86979237287173,21.175441748519887,21.325204598353906,145022800
2016-02-25,21.956016540527344,21.956016540527344,21.613378765130957,21.794909148027568,110330800
2016-02-26,21.990055084228516,22.241925952786698,21.91517366674255,22.05585807767748,115964400
2016-02-29,21.94013786315918,22.289582806203178,21.931061168783728,21.97871251585303,140865200
2016-03-01,22.811477661132812,22.865936091199217,22.10578075164718,22.1579713067291,201628400
2016-03-02,22.86139488220215,22.89316243882766,22.609522303812742,22.80693646101584,132678400
2016-03-03,23.031583786010742,23.07923513092717,22.79332533022624,22.822825018414285,147822800
2016-03-04,23.374217987060547,23.54213247127571,23.002082248420404,23.22899436862547,184220400
2016-03-07,23.115537643432617,23.333373064817575,22.90904678901025,23.233531180815373,143315600
2016-03-08,22.924936294555664,23.09058294064811,22.781982250461272,22.868208251965473,126247600
2016-03-09,22.94535255432129,23.049731914301546,22.752475881173154,22.988464676816246,108806800
2016-03-10,22.956703186035156,23.199499131946006,22.725253540790277,23.011163351788888,134054400
2016-03-11,23.204036712646484,23.208574193872277,23.03158299562731,23.199497500218392,109632800
2016-03-14,23.263032913208008,23.351530244630737,23.09511840653368,23.124618094075363,100304400
2016-03-15,23.73047637939453,23.86662334218389,23.5648297250124,23.589790203497415,160270800
2016-03-16,24.04588508605957,24.123034399793863,23.732745155437136,23.737284368717166,153214000
2016-03-17,24.00730323791504,24.15933394440613,23.81669615490956,23.94376638944514,137682800
2016-03-18,24.034526824951172,24.166136245343814,23.868881977906778,24.129829481979595,176820800
2016-03-21,24.03226661682129,24.427093272745285,23.857543291998166,24.036804098088368,142010800
2016-03-22,24.216060638427734,24.345400471784775,23.873422867842528,23.88249955998011,129777600
2016-03-23,24.082185745239258,24.295483719240615,24.029996920453165,24.161606382334952,102814000
2016-03-24,23.977807998657227,24.109417469508774,23.800816787402866,23.932426258254416,104532000
2016-03-28,23.86888313293457,24.095795221336033,23.839383453473197,24.052681370555163,77645600
2016-03-29,24.433902740478516,24.458863217884776,23.79854796665052,23.800817573106315,124760400
2016-03-30,24.860492706298828,25.055637278930124,24.642657266636444,24.65400356575308,182404400
2016-03-31,24.73115348815918,24.93764436515272,24.70619301443024,24.896800110978297,103553600
2016-04-01,24.95806884765625,24.96033845407058,24.5518958596139,24.68350533240577,103496000
2016-04-04,25.214481353759766,25.45727731026458,25.021604621237042,25.05564179351767,149424800
2016-04-05,24.917219161987305,25.125979626582534,24.82872357432712,24.849146565203664,106314800
2016-04-06,25.178159713745117,25.18269892401129,24.778794039194164,25.012514894260775,105616400
2016-04-07,24.629043579101562,25.055637773799035,24.533740896967373,24.948988792324112,127207600
2016-04-08,24.65627098083496,24.90814183306138,24.54508279921921,24.71299900897286,94326800
2016-04-11,24.73796272277832,25.098753954505728,24.69485058994222,24.726618153590874,117630000
2016-04-12,25.060176849365234,25.073791023538107,24.656273524349466,24.810572114847886,108929200
2016-04-13,25.423233032226562,25.49130562655913,25.141862500340867,25.141862500340867,133029200
2016-04-14,25.43684959411621,25.502654319993418,25.262128014595618,25.327932740472825,101895600
2016-04-15,24.926300048828125,25.48223587105358,24.899071698013767,25.439122007327693,187756000
2016-04-18,24.388513565063477,24.722072901893114,24.265980821835427,24.708458729712873,243286000
2016-04-19,24.259170532226562,24.5065038605834,24.10487025348593,24.479273788616798,129539600
2016-04-20,24.309099197387695,24.526934664317128,24.06630325423904,24.197912723176323,122444000
2016-04-21,24.04588508605957,24.263720581030217,23.94377356169036,24.263720581030217,126210000
2016-04-22,23.980077743530273,24.16160816859476,23.739551401841897,23.828047007980164,134732400
2016-04-25,23.843929290771484,23.973269147854865,23.714589433688104,23.825775903166228,112126400
2016-04-26,23.678281784057617,23.893849358704067,23.57844161832038,23.57844161832038,224064800
2016-04-27,22.196548461914062,22.398500155279798,21.710956555259095,21.78356838061304,458408400
2016-04-28,21.51807975769043,22.21016078154117,21.386470294237334,22.148895262321187,328970800
2016-04-29,21.27074432373047,21.493118991073924,20.991643350442775,21.32747236087701,274126000
2016-05-02,21.248056411743164,21.34789832499865,20.966685793080725,21.322937846684777,192640400
2016-05-03,21.59749412536621,21.724564349606272,21.257125969407216,21.375119501744134,227325200
2016-05-04,21.372854232788086,21.76087377014154,21.28889612084995,21.60203423927497,164102000
2016-05-05,21.286104202270508,21.475588392196368,21.158260287015814,21.459607902789532,143562000
2016-05-06,21.16739273071289,21.33404616096664,20.968776579167923,21.31578398818377,174799600
2016-05-09,21.183374404907227,21.407101274255663,21.137714616040203,21.231315876910465,131745600
2016-05-10,21.327198028564453,21.361442433506753,21.02813382500346,21.306652430644746,134747200
2016-05-11,21.119443893432617,21.361434580374013,21.108028515400907,21.340888990007507,114876400
2016-05-12,20.624053955078125,21.181091192647486,20.425439532177116,21.167394126721312,305258800
2016-05-13,20.665145874023438,20.92768398901416,20.54643391112598,20.54643391112598,177571200
2016-05-16,21.43221092224121,21.54864119146011,20.923116970530707,21.092053812907306,245039200
2016-05-17,21.343175888061523,21.6194110348622,21.2335958958434,21.585168375883146,187667600
2016-05-18,21.58745002746582,21.735841269216778,21.43449367843844,21.49613394799683,168249600
2016-05-19,21.505268096923828,21.60571789280802,21.36144367787928,21.60571789280802,121768400
2016-05-20,21.738128662109375,21.786070135105273,21.57832201038016,21.605717884267623,128104000
2016-05-23,22.014360427856445,22.187864118616265,21.840856737096626,21.886516519792693,152074400
2016-05-24,22.349950790405273,22.393325403609666,22.10795831420649,22.194711024100247,140560800
2016-05-25,22.742616653442383,22.77001077987523,22.39789271464138,22.525736615974722,152675200
2016-05-26,22.9229679107666,22.996021814445314,22.518887145307446,22.756312767698866,225324800
2016-05-27,22.909271240234375,22.936667109819066,22.6581485318072,22.70152488988064,145364800
2016-05-31,22.79741096496582,22.920689782485262,22.559985287714625,22.73805411021731,169228800
2016-06-01,22.47779655456543,22.724354158290147,22.448119001831813,22.605640463870408,116693200
2016-06-02,22.308860778808594,22.336254908260422,22.060019738583946,22.281464907614048,160766400
2016-06-03,22.354520797729492,22.434423251929037,22.24722246991459,22.32484324095334,114019600
2016-06-06,22.5166015625,23.2608393323318,22.270045749808347,22.370493769148542,93170000
2016-06-07,22.607921600341797,22.799689186633326,22.59194111329604,22.65814648584059,89638000
2016-06-08,22.587373733520508,22.728914678328604,22.5280168982907,22.60563590134775,83392400
2016-06-09,22.749462127685547,22.827081131137202,22.477792132120175,22.486924086951362,106405600
2016-06-10,22.562265396118164,22.68097734642259,22.482362954399548,22.493776593649294,126851600
2016-06-13,22.22210693359375,22.628471164583814,22.167316935718596,22.53030480828024,152082000
2016-06-14,22.249502182006836,22.48236271452239,22.08741387575203,22.2175412056604,127727600
2016-06-15,22.176448822021484,22.466382782582944,22.151336376878596,22.3316886002945,117780800
2016-06-16,22.270051956176758,22.315710001170025,21.932176501301175,22.018927483485488,125307200
2016-06-17,21.763240814208984,22.06458845588902,21.75639228126626,22.057739922946293,244032800
2016-06-20,21.71072769165039,22.04631966558469,21.69474720440316,21.91619234321654,137647600
2016-06-21,21.895647048950195,21.99609508084808,21.614845064338432,21.674201907102525,142185600
2016-06-22,21.81346321105957,22.119375925721634,21.767803427103743,21.97326810054831,116876400
2016-06-23,21.939022064208984,21.9823984203011,21.74497278663997,21.902495981507098,128960800
2016-06-24,21.322628021240234,21.61027851821979,21.151407777614228,21.210764616425777,301245600
2016-06-27,21.012149810791016,21.242726907538014,20.888871018720614,21.23131152722423,181958400
2016-06-28,21.366004943847656,21.38198717372149,21.034979800381937,21.208483487051712,161779600
2016-06-29,21.550922393798828,21.585166792007673,21.37513529580657,21.452756047862778,146124000
2016-06-30,21.82487678527832,21.86368629521737,21.52809602829761,21.56005700609949,143345600
2016-07-01,21.891080856323242,22.023491608865225,21.763236952761357,21.79976303588937,104106000
2016-07-05,21.68561363220215,21.77921486606093,21.56461827467141,21.77693144184082,110820800
2016-07-06,21.808889389038086,21.838568674555958,21.544069693733288,21.596576251316726,123796400
2016-07-07,21.902496337890625,22.030340242041223,21.82944242955563,21.847704600332456,100558400
2016-07-08,22.07143211364746,22.119373575400004,21.927607728389834,22.028055758934098,115648400
2016-07-11,22.139925003051758,22.292881372397673,22.082851574930793,22.087416682813636,95179600
2016-07-12,22.24036979675293,22.304291748213068,22.17188273807816,22.183296376986014,96670000
2016-07-13,22.11480712890625,22.297441009033772,22.10795685614867,22.238085912407072,103568800
2016-07-14,22.553133010864258,22.59879105048033,22.217541020284173,22.233521508324053,155676000
2016-07-15,22.55084800720215,22.66956168867893,22.486926059518854,22.582808981043794,120548000
2016-07-18,22.790563583374023,22.859050657627133,22.50976152788174,22.532590552632776,145975600
2016-07-19,22.799694061279297,22.82937161735444,22.67869692864334,22.728921824880373,95119600
2016-07-20,22.820240020751953,22.934386880644716,22.77001512372028,22.82937197855252,105104000
2016-07-21,22.699243545532227,23.0576645988345,22.63075473616531,22.790561377440522,130808000
2016-07-22,22.523454666137695,22.669562477855106,22.4435504870095,22.660430521904956,113254800
2016-07-25,22.22210693359375,22.564547468363067,22.126224001876572,22.429855027390264,161531600
2016-07-26,22.06915283203125,22.365935355821208,22.012079403744163,22.10339723735206,224959200
2016-07-27,23.502832412719727,23.822443896116138,23.457174375838438,23.80417998466664,369379200
2016-07-28,23.820154190063477,23.84526662624845,23.473148672745165,23.4754320965098,159479200
2016-07-29,23.790481567382812,23.868102315752434,23.66948620896834,23.785916460651592,110934800
2016-08-01,24.210548400878906,24.2333774233028,23.83614685955017,23.83614685955017,152671600
2016-08-02,23.852121353149414,24.215107421142427,23.742539634622993,24.210542314502394,135266400
2016-08-03,24.151187896728516,24.162601535342965,23.918327374689763,23.92745933062682,120810400
2016-08-04,24.30038070678711,24.33021902422302,24.16495687896439,24.233816689881397,109634800
2016-08-05,24.669931411743164,24.708951164599657,24.371541151971616,24.392198050126865,162213600
2016-08-08,24.874208450317383,24.874208450317383,24.596476894637274,24.679106222145144,112148800
2016-08-09,24.97520637512207,25.00504645278835,24.791583075600197,24.84208005210165,105260800
2016-08-10,24.789283752441406,24.995861467280687,24.734196945543605,24.952250129931834,96034000
2016-08-11,24.773212432861328,25.00274279849474,24.754849583328003,24.908634508019738,109938000
2016-08-12,24.830596923828125,24.890275313788013,24.738784420315493,24.738784420315493,74641600
2016-08-15,25.128986358642578,25.14275762083864,24.807643481704662,24.821414743900725,103472800
2016-08-16,25.106037139892578,25.30113940118224,25.067017388105914,25.16341974587703,135177600
2016-08-17,25.069305419921875,25.103735323086898,24.867317588648465,25.041761147154332,101424000
2016-08-18,25.037174224853516,25.1565292517168,25.023401211277804,25.07160413202606,87938800
2016-08-19,25.101444244384766,25.177189695340626,24.87191384840552,24.966020400144476,101472400
2016-08-22,24.906343460083008,25.04176555152529,24.75485255998358,24.986678747479104,103280800
2016-08-23,24.984386444091797,25.092266024173128,24.91093677804168,24.9247080431829,85030800
2016-08-24,24.79616928100586,24.961431452188137,24.715833989786145,24.920115909392567,94700400
2016-08-25,24.690580368041992,24.761734218149552,24.48629849093904,24.64926483384265,100344800
2016-08-26,24.545984268188477,24.77780873714092,24.401378979340926,24.653863848383264,111065200
2016-08-29,24.518436431884766,24.660745905514187,24.396785604171868,24.47253105390259,99881200
2016-08-30,24.33022689819336,24.444992119411253,24.215461676975465,24.284321510177524,99455600
2016-08-31,24.353179931640625,24.46105952127762,24.247596136789912,24.252187726362475,118649600
2016-09-01,24.497777938842773,24.513844995206068,24.242999079954956,24.362354105628313,106806000
2016-09-02,24.72730827331543,24.789280704558593,24.51843478977649,24.720420891019256,107210000
2016-09-06,24.720422744750977,24.858142382156956,24.67681316067182,24.76632987427895,107521600
2016-09-07,24.871910095214844,24.963722589987555,24.575815718941133,24.750259283891516,169457200
2016-09-08,24.22004508972168,24.621723257418985,24.155776863078565,24.61713342030641,212008000
2016-09-09,23.671470642089844,24.26595531684295,23.671470642089844,24.018062052825947,186228000
2016-09-12,24.20168685913086,24.26595509339278,23.53375252909865,23.56129680857292,181171200
2016-09-13,24.77780532836914,24.970611769914743,24.614838958793246,24.676813145824237,248704800
2016-09-14,25.654611587524414,25.943820376781805,24.927000652568726,24.956840724799267,443554800
2016-09-15,26.526826858520508,26.56355256114846,26.04940323142445,26.134330105368175,359934400
2016-09-16,26.377635955810547,26.65536755923576,26.17564981273171,26.423543091404486,319547600
2016-09-19,26.070058822631836,26.666837410995594,25.994313383219282,26.439602843935614,188092000
2016-09-20,26.067768096923828,26.194010520489464,25.82446642733699,25.948413056516518,138057200
2016-09-21,26.063180923461914,26.164173121459644,25.808402007079504,26.13203900148152,144012800
2016-09-22,26.30877685546875,26.38222651838284,26.166467367432283,26.246802662622994,124296000
2016-09-23,25.8703670501709,26.347790626353195,25.604112739223883,26.262863761466306,209924800
2016-09-26,25.909395217895508,26.026456231636505,25.604121066169935,25.62477796502985,119477600
2016-09-27,25.95759391784668,25.978252565909617,25.78544610576065,25.936937020961846,98429600
2016-09-28,26.154991149902344,26.313367703054762,26.035636099778397,26.095314500429453,118564400
2016-09-29,25.748714447021484,26.120554240314895,25.6614935454143,25.97365495804091,143548000
2016-09-30,25.948413848876953,26.021863510873082,25.661500833082993,25.812989994809605,145516400
2016-10-03,25.826757431030273,25.948410002684593,25.771670630492913,25.87036876334367,86807200
2016-10-04,25.93692970275879,26.237613902652875,25.852002842334667,25.950700963463063,118947200
2016-10-05,25.948413848876953,26.08842754067865,25.865782760234048,26.028749143063646,85812400
2016-10-06,26.141218185424805,26.24450616917945,25.96677458395794,26.097606847263574,115117200
2016-10-07,26.180234909057617,26.29500010048947,26.053994249189287,26.237617504773542,97433600
2016-10-10,26.637004852294922,26.797675439253915,26.331728985894777,26.40058705837232,144944000
2016-10-11,26.694385528564453,27.242963030251325,26.671431088217037,27.01572667929305,256164000
2016-10-12,26.933094024658203,27.079995079356458,26.797671940641305,26.935389818794476,150347200
2016-10-13,26.85047149658203,26.95605528826992,26.56126265341539,26.806860152840716,140769600
2016-10-14,26.999656677246094,27.123603286657524,26.88489149273674,27.05703926950077,142608800
2016-10-17,26.981294631958008,27.047856895601626,26.80455527335512,26.930797672357183,94499600
2016-10-18,26.962940216064453,27.13279224597417,26.95834862674952,27.12590661318,98214000
2016-10-19,26.882598876953125,27.029498180829002,26.12055808140532,26.91243719608553,80138400
2016-10-20,26.868831634521484,26.94228130223591,26.70127540091274,26.822926248891797,96503200
2016-10-21,26.763246536254883,26.83440215702867,26.689796872136682,26.811447714159502,92770800
2016-10-24,27.004249572753906,27.02490646640042,26.855054475432606,26.87800716321023,94154800
2016-10-25,27.141971588134766,27.167220073892395,26.926212437543427,27.073111763127034,192516000
2016-10-26,26.531417846679688,26.5566663305372,26.008088819774823,26.23761921762278,264536800
2016-10-27,26.276636123657227,26.593387386903185,26.189413466965433,26.4855078385808,138248000
2016-10-28,26.102197647094727,26.444197456419218,26.040223457772857,26.136627557698212,151446800
2016-10-31,26.060880661010742,26.219257190306994,25.982839417887263,26.086129143976173,105677600
2016-11-01,25.590349197387695,26.113678339461213,25.37000017710297,26.042524460846515,175303200
2016-11-02,25.613292694091797,25.787736262531958,25.530663373438795,25.56968311536505,113326800
2016-11-03,25.338756561279297,25.7148113997691,25.274158356892737,25.60407212372615,107730400
2016-11-04,25.1103572845459,25.435657697256026,24.941940763492447,25.038838084660405,123348000
2016-11-07,25.472564697265625,25.49563522998178,25.25339023604011,25.39643035515038,130240000
2016-11-08,25.622522354125977,25.77479102833768,25.30875820135825,25.44949072988651,97016800
2016-11-09,25.581003189086914,25.682515672272626,24.92809831452863,25.350294280151598,236705600
2016-11-10,24.86811637878418,25.62945481013921,24.41592707624234,25.62945481013921,228538000
2016-11-11,25.015762329101562,25.117274793064155,24.582030296098672,24.71353427888251,136575600
2016-11-14,24.38823127746582,24.87271948967614,24.01217650173713,24.849648957698268,204702000
2016-11-15,24.711231231689453,24.842735238603186,24.492058473556323,24.58664821037603,129058000
2016-11-16,25.37566375732422,25.43103514392962,24.593560963251985,24.616631494253227,235362000
2016-11-17,25.366439819335938,25.45872372034074,25.108047008725304,25.334140718009607,110528000
2016-11-18,25.39181900024414,25.50256003812467,25.29953685554096,25.31337882521262,113715600
2016-11-21,25.7771053314209,25.837088376144262,25.38028575472583,25.405663873712314,117058400
2016-11-22,25.79325294494629,25.936291321026165,25.70096904285567,25.82785786808237,103862000
2016-11-23,25.661746978759766,25.726345177193878,25.454108655100914,25.691738496555917,109705600
2016-11-25,25.79094123840332,25.809398367903256,25.597144898991463,25.63867256028195,45903600
2016-11-28,25.740184783935547,25.947823088545327,25.698657123013593,25.707885687681664,108776000
2016-11-29,25.714813232421875,25.846317232200608,25.394128009098832,25.557931113372753,114115200
2016-11-30,25.49794578552246,25.88553679169465,25.440268562938318,25.747111809526544,144649200
2016-12-01,25.26030921936035,25.594838077842606,25.15418336913557,25.46333411558922,148347600
2016-12-02,25.354902267456055,25.398735750831815,25.112657277572403,25.18648403712866,106112000
2016-12-05,25.172645568847656,25.384897312054523,24.974235794928926,25.377976327410455,137298000
2016-12-06,25.366439819335938,25.461031301912335,25.191102343612727,25.262621530811167,104782000
2016-12-07,25.615602493286133,25.65251675295582,25.184178084451563,25.207248616660728,119994800
2016-12-08,25.867074966430664,25.93859414134256,25.516396554890573,25.576381344264036,108273200
2016-12-09,26.289278030395508,26.462309702627604,25.910915581261523,25.910915581261523,137610400
2016-12-12,26.139310836791992,26.53151513912904,25.952435489766913,26.137003255671797,105497600
2016-12-13,26.57535743713379,26.743773940092016,26.2431360743451,26.263899029434825,174935200
2016-12-14,26.57535743713379,26.80837214726334,26.526908781755292,26.54075075181511,136127200
2016-12-15,26.7206974029541,26.93064328928526,26.584580034147624,26.619184951526396,186098000
2016-12-16,26.75531005859375,26.877585487769416,26.681483284742264,26.870664502747267,177404400
2016-12-19,26.90988540649414,27.080609496165696,26.70455463049437,26.716090779326837,111117600
2016-12-20,26.981401443481445,27.108292025113396,26.91911082351511,26.932952792358964,85700000
2016-12-21,27.00677490234375,27.08521681932549,26.94217671198742,26.946791874252114,95132800
2016-12-22,26.82913589477539,26.879892130056085,26.679174770583085,26.842977864335918,104343600
2016-12-23,26.882192611694336,26.882192611694336,26.667633325280576,26.667633325280576,56998000
2016-12-27,27.052913665771484,27.177496625698662,26.875266908772794,26.8821878909629,73187600
2016-12-28,26.93756866455078,27.228260578938116,26.808370497987386,27.112906141751992,83623600
2016-12-29,26.930652618408203,27.01832137308524,26.854518253463507,26.866052643195847,60158000
2016-12-30,26.7206974029541,27.03907496401998,26.630721097431813,26.912186159904092,122345200
2017-01-03,26.796836853027344,26.83836452197202,26.47615164957586,26.71608909679299,115127600
2017-01-04,26.76683807373047,26.879886669405845,26.704547463193364,26.727617994497155,84472400
2017-01-05,26.90296173095703,26.96063894901325,26.71839392910952,26.74377204586778,88774400
2017-01-06,27.202882766723633,27.26055998223089,26.870661442147778,26.942180626122717,127007600
2017-01-09,27.452043533325195,27.553555983052966,27.209800314886703,27.21210613589418,134247600
2017-01-10,27.479732513427734,27.542023131284918,27.292858899687268,27.401290585574294,97848400
2017-01-11,27.62738609313965,27.668913758508953,27.36207055106736,27.394369650780273,110354400
2017-01-12,27.51203155517578,27.523567702243422,27.272094129553977,27.43128380620905,108344800
2017-01-13,27.463586807250977,27.59739838750154,27.41052298743811,27.479736359338517,104447600
2017-01-17,27.685062408447266,27.740432040416877,27.27440093101565,27.302084866916022,137759200
2017-01-18,27.682758331298828,27.8004203542763,27.61816012579561,27.685065912972252,94852000
2017-01-19,27.634305953979492,27.70582513469806,27.53971624014224,27.546637224060962,102389200
2017-01-20,27.685062408447266,27.788880688411396,27.622771792502558,27.788880688411396,130391600
2017-01-23,27.703519821166992,27.871936300171537,27.631998878968965,27.68506269026628,88200800
2017-01-24,27.67814064025879,27.708132156690723,27.5697072006043,27.58124334701517,92844000
2017-01-25,28.11879539489746,28.169551626034522,27.749661568676462,27.78196066846024,129510400
2017-01-26,28.132640838623047,28.24799527636033,28.054198905673797,28.070348456550256,105350400
2017-01-27,28.13494873046875,28.227232639483432,28.05420097014434,28.178783983288785,82251600
2017-01-30,28.061120986938477,28.061120986938477,27.837334847524577,27.899625471862652,121510000
2017-01-31,27.996519088745117,28.00574765412798,27.828102610972287,27.95037802199968,196804000
2017-02-01,29.70376205444336,30.105196688558852,29.302329180496564,29.306942582652155,447940000
2017-02-02,29.653003692626953,29.851413414222034,29.479972081480216,29.52611490055382,134841600
2017-02-03,29.779897689819336,29.80527580320343,29.567645978033095,29.6022508961307,98029200
2017-02-06,30.059057235717773,30.107507647547603,29.738372046032513,29.79143762097423,107383600
2017-02-07,30.345130920410156,30.474327296813623,30.09596497148752,30.116727920480095,152735200
2017-02-08,30.46279525756836,30.504324681488203,30.27361582957578,30.303609106832457,92016400
2017-02-09,30.68292236328125,30.689873354286284,30.381699789193735,30.50450534441699,113399600
2017-02-10,30.613405227661133,30.803408387165437,30.597187429137758,30.69218900888991,80262000
2017-02-13,30.88450813293457,31.007317223596722,30.75938675940807,30.83585119596343,92141600
2017-02-14,31.285375595092773,31.301593399761373,30.875249341822066,30.926225646097596,132904800
2017-02-15,31.398900985717773,31.575002176378174,31.192680014234295,31.40122033965837,142492400
2017-02-16,31.361839294433594,31.489276516444463,31.24366534846502,31.435984394388925,90338400
2017-02-17,31.44756317138672,31.473051316920234,31.30390464325276,31.30390464325276,88792800
2017-02-21,31.674636840820312,31.686223004249133,31.507805987127217,31.565733268670634,98028800
2017-02-22,31.76964569091797,31.77196150989266,31.53793651179541,31.612081610601855,83347600
2017-02-23,31.635251998901367,31.855374998421865,31.581959880946172,31.832206203294128,83152800
2017-02-24,31.66537094116211,31.66537094116211,31.34561120646375,31.491589091539225,87106400
2017-02-27,31.727922439575195,31.846096332459936,31.577312952706357,31.776582901751258,81029600
2017-02-28,31.741840362548828,31.846108781571925,31.67464272354191,31.76269333923318,93931600
2017-03-01,32.39061737060547,32.47403279791158,31.883177351394018,31.95037144269028,145658400
2017-03-02,32.19829177856445,32.50414589208368,32.15194713917099,32.439267639652336,104844000
2017-03-03,32.3882942199707,32.39988038084044,32.11255985503052,32.15658514497558,84432400
2017-03-06,32.28635025024414,32.385987017509834,32.11488775191842,32.293301241495136,87000000
2017-03-07,32.328060150146484,32.434644374436495,32.158909932589175,32.22147239025559,69785200
2017-03-08,32.207557678222656,32.39292562377837,32.16585174666235,32.19597151870052,74828800
2017-03-09,32.1334114074707,32.15889954602118,31.755728036076924,32.14731692126166,88623600
2017-03-10,32.24000549316406,32.290981780321495,32.12415093791544,32.26549363674278,78451200
2017-03-13,32.253902435302734,32.30719453242354,32.165855391277034,32.17280638065802,69686800
2017-03-14,32.20524978637695,32.358175108666316,32.17049129925637,32.277079043252336,61236400
2017-03-15,32.54585266113281,32.61304672572105,32.21450690206856,32.302557466893894,102767200
2017-03-16,32.59914779663086,32.675612209716576,32.499511063604146,32.60609878549323,76928000
2017-03-17,32.43696594238281,32.67099091655735,32.4137936125987,32.67099091655735,175540000
2017-03-20,32.77758026123047,32.78684707222943,32.492575440694054,32.531965574741896,86168000
2017-03-21,32.402198791503906,33.088059264033994,32.37671064979096,32.928179423798255,158119600
2017-03-22,32.76829528808594,32.81000475796694,32.38365739469322,32.40451389743358,103440800
2017-03-23,32.65243911743164,32.80536793998578,32.58060987715306,32.73121934640818,81385200
2017-03-24,32.58757781982422,32.842459323352124,32.520383715585794,32.786847849236565,89582400
2017-03-27,32.6431884765625,32.72196874455253,32.119523497990585,32.2979405459926,94300400
2017-03-28,33.31977462768555,33.375382557814326,32.58293773307159,32.65013536277833,133499200
2017-03-29,33.39391326904297,33.479648037448705,33.17842551017487,33.2919607026795,116760000
2017-03-30,33.34989547729492,33.48197138677412,33.25026224222897,33.41014211766127,84829200
2017-03-31,33.287322998046875,33.42866566008339,33.136709994067246,33.30122497536202,78646800
2017-04-03,33.296592712402344,33.393910097707256,33.14598323086852,33.29891206589045,79942800
2017-04-04,33.54453659057617,33.57234055880436,33.173800514727795,33.192337672080335,79565600
2017-04-05,33.37073516845703,33.70439673413224,33.32207471696307,33.41707626688988,110871600
2017-04-06,33.287322998046875,33.48659292262951,33.23866254184434,33.433297295455425,84596000
2017-04-07,33.21317672729492,33.40781149451563,33.19695893115975,33.30354312176166,66688800
2017-04-10,33.173789978027344,33.338304987526925,33.111227533783826,33.27342672520036,75733600
2017-04-11,32.816959381103516,33.215499296723564,32.45317441456657,33.120497721762945,121517600
2017-04-12,32.856353759765625,32.93744983000208,32.67330157593939,32.81001264311614,81400000
2017-04-13,32.68255615234375,32.990729555999856,32.68255615234375,32.88182603983571,71291600
2017-04-17,32.863304138183594,32.874890301030234,32.64086183256975,32.782204533857595,66328400
2017-04-18,32.71731948852539,32.91195425587622,32.69646652108061,32.76597994816298,58790000
2017-04-19,32.596824645996094,32.9026822627089,32.543532559059486,32.87487831049836,69313600
2017-04-20,33.0046501159668,33.11586951201463,32.708062702772,32.72196468532787,93278400
2017-04-21,32.96525573730469,33.06025378439057,32.867938336357916,33.0046458613355,69283600
2017-04-24,33.282691955566406,33.3545212043376,33.17610422359627,33.250252825940706,68537200
2017-04-25,33.488922119140625,33.57465337056667,33.33599323637989,33.345263582026504,75486000
2017-04-26,33.29195785522461,33.50513331335182,33.22244796192211,33.475010002520825,80164800
2017-04-27,33.31745147705078,33.403186252231365,33.20623209386567,33.34757479283859,56985200
2017-04-28,33.285011291503906,33.435624330084664,33.196964236413955,33.386963862703105,83441600
2017-05-01,33.963924407958984,34.10758293593288,33.58855675197522,33.62099588847258,134411600
2017-05-02,34.179420471191406,34.313812222231434,34.02417574212833,34.186371463865754,181408800
2017-05-03,34.07514953613281,34.1747863164637,33.428682515814096,33.73453677776663,182788000
2017-05-04,33.95233917236328,34.09368188573626,33.78550831278859,33.950023353836144,93487600
2017-05-05,34.5153923034668,34.52002394026559,34.005629407550984,34.005629407550984,109310800
2017-05-08,35.45380401611328,35.613683842310934,34.531602894781734,34.531602894781734,195009600
2017-05-09,35.680877685546875,35.887098597485654,35.55575281930117,35.65307019549255,156521600
2017-05-10,35.51173400878906,35.66929802915871,35.24526996841705,35.59746877665496,103222800
2017-05-11,35.81886291503906,35.846785196888355,35.437291531583206,35.469864568578416,109020400
2017-05-12,36.31908416748047,36.39353527768453,35.98637067289301,35.99335035353109,130108000
2017-05-15,36.226016998291016,36.44704850933714,36.074785846047284,36.29814273398245,104038800
2017-05-16,36.172515869140625,36.30978770118227,35.998016694451984,36.28186896929443,80194000
2017-05-17,34.958003997802734,35.963121024828204,34.83236614452209,35.73743512432096,203070800
2017-05-18,35.490806579589844,35.676939756610246,35.1627508046834,35.19532384439734,134272800
2017-05-19,35.61178970336914,35.82584159048891,35.51174521762394,35.68624438594715,107843200
2017-05-22,35.82816696166992,35.96543877507769,35.57688775820464,35.83049233894665,91865600
2017-05-23,35.783958435058594,36.03988838229919,35.66995104980235,36.03988838229919,79675600
2017-05-24,35.67693328857422,35.870046114080495,35.52104780176192,35.793266059347076,76712000
2017-05-25,35.80024337768555,35.91192538639311,35.6048051877386,35.76767034602772,76942400
2017-05-26,35.73975372314453,35.88633414933184,35.669953351141324,35.83049314169039,87710400
2017-05-30,35.75370788574219,35.930532392255856,35.67460246573822,35.69554150923447,80507600
2017-05-31,35.54198455810547,35.87004380259124,35.45357407214753,35.82351140731956,97804800
2017-06-01,35.63969802856445,35.67459998215562,35.41634114643296,35.63737265173583,65616400
2017-06-02,36.16786575317383,36.16786575317383,35.572242402608566,35.73278222994902,111082800
2017-06-05,35.814205169677734,35.93519224555093,35.70485563113581,35.909598893927644,101326800
2017-06-06,35.9351806640625,36.25160584115458,35.779295227213254,35.80721394718826,106499600
2017-06-07,36.14925003051758,36.29117617633315,35.942177806314035,36.06781920763012,84278400
2017-06-08,36.06083297729492,36.18879618291383,35.923557611861945,36.121324739045576,85003200
2017-06-09,34.66250228881836,36.1073564847244,33.973814454686796,36.1073564847244,259530800
2017-06-12,33.8342170715332,33.99010253275628,33.15715960473019,33.90867173669913,289229200
2017-06-13,34.10643768310547,34.306530172068896,33.77139876668354,34.239058733436686,136661600
2017-06-14,33.77372741699219,34.31816387661531,33.466607229393055,34.31816387661531,126124800
2017-06-15,33.571311950683594,33.61551897493088,33.08737071206775,33.345629624601386,128661600
2017-06-16,33.1013298034668,33.62017300175776,33.08504151037597,33.452653516626164,201444400
2017-06-19,34.04827117919922,34.14133951686314,33.42472929272425,33.42472929272425,130165600
2017-06-20,33.738834381103516,34.17159250067192,33.72254963665156,34.17159250067192,99600400
2017-06-21,33.93891525268555,33.985451192708595,33.645758001586714,33.85748445803276,85063200
2017-06-22,33.88309097290039,34.13204130784276,33.764429249997576,33.91566401345907,76425200
2017-06-23,34.034305572509766,34.23905232761556,33.762087391395056,33.76674169497294,141757600
2017-06-26,33.92728805541992,34.49964325030576,33.82491465791016,34.24138437938582,102769600
2017-06-27,33.44100570678711,34.00638462297067,33.41541236407603,33.73881721277428,99047600
2017-06-28,33.92961502075195,33.9947610858177,33.30839847517871,33.61784405933814,88329600
2017-06-29,33.429378509521484,33.766746336520576,33.10364821816349,33.669027249113185,125997600
2017-06-30,33.50847625732422,33.72718232978134,33.45263527599707,33.60852068823523,92096400
2017-07-03,33.38750076293945,33.80629939195588,33.29443597879978,33.70858030355104,57111200
2017-07-05,33.52477264404297,33.687637791782386,33.20602202988196,33.43170785967585,86278400
2017-07-06,33.20835494995117,33.387508428254876,33.133903815585256,33.27582995160863,96515200
2017-07-07,33.545711517333984,33.67833256208607,33.24789994864159,33.24789994864159,76806800
2017-07-10,33.75046157836914,33.95753376029833,33.357256260390336,33.529430032520224,84362400
2017-07-11,33.85981369018555,33.93426836254471,33.59224975555745,33.673680559481824,79127200
2017-07-12,33.908687591552734,34.01105747873072,33.69463565440614,33.938931706998176,99538000
2017-07-13,34.38098907470703,34.548508553539335,33.838877921012845,33.85283728588311,100797600
2017-07-14,34.67647171020508,34.74394670723084,34.278615611252704,34.42752141995793,80528400
2017-07-17,34.797447204589844,35.10921808305502,34.56711066088786,34.62527702852062,95174000
2017-07-18,34.91844177246094,34.930075758534684,34.590382536229406,34.7136949781841,71475200
2017-07-19,35.137149810791016,35.230214603974424,34.888195986224254,35.0115084347797,83692000
2017-07-20,34.97893524169922,35.304669116735596,34.94403683196409,35.248828110965114,68974800
2017-07-21,34.9626579284668,35.00221065130112,34.639252912167336,34.89751184965792,105010400
2017-07-24,35.3861083984375,35.46754277425011,34.87657019309574,35.03478463891006,85972800
2017-07-25,35.53733825683594,35.793268237997424,35.31863206643973,35.31863206643973,75415600
2017-07-26,35.70486068725586,35.81421024128264,35.61179232717625,35.67926733200834,63124000
2017-07-27,35.03011703491211,35.82816154425739,34.271628784650346,35.77232054631047,129905200
2017-07-28,34.78349685668945,34.953341700129265,34.7113711101682,34.87423627169913,68854800
2017-07-31,34.604339599609375,34.97660582806359,34.46474242658444,34.87655781471155,79383600
2017-08-01,34.911468505859375,34.95102122562267,34.529897123807544,34.69043693061989,141474400
2017-08-02,36.56106948852539,37.168326800799775,36.33305821175193,37.058973693019695,279747200
2017-08-03,36.195770263671875,36.577341507135046,36.06780354021306,36.54011417845731,108389200
2017-08-04,36.38656234741211,36.62155325627429,36.22369718531979,36.31211122339602,82239600
2017-08-07,36.9495964050293,36.97518974436108,36.4516925263686,36.542431902146255,87481200
2017-08-08,37.24509048461914,37.65225507483992,36.82396653362174,36.900746568086596,144823600
2017-08-09,37.47310256958008,37.521963883676285,37.01940558237341,37.054303985161006,104526000
2017-08-10,36.279518127441406,37.37266692418901,36.1183479310692,37.34930758170729,163217200
2017-08-11,36.7840576171875,37.038661696838595,36.454713598426956,36.57851031015932,105028400
2017-08-14,37.337642669677734,37.42173133803517,37.08070408188104,37.213845958503775,88490800
2017-08-15,37.74639892578125,37.886544302770645,37.40537173658271,37.526833914615345,117862000
2017-08-16,37.59457778930664,37.95896083174026,37.407713685353514,37.825822518913974,110686400
2017-08-17,36.872806549072266,37.538508584497926,36.86813396788796,37.49412797358486,111762400
2017-08-18,36.788719177246094,37.25587751600477,36.606527710261034,36.87280782078807,109712400
2017-08-21,36.72098159790039,36.879813717152935,36.230463932424875,36.788717986608646,105474000
2017-08-22,37.321285247802734,37.372672958251194,36.91018712835087,36.95923676569251,86418400
2017-08-23,37.36800003051758,37.48245512348241,37.111065044787765,37.155445663776895,77596400
2017-08-24,37.2021598815918,37.54552158795039,37.03398257381878,37.47310904266102,79275600
2017-08-25,37.3399772644043,37.50348201876887,37.20216636887818,37.29092405602676,101920400
2017-08-28,37.71601867675781,37.83981531828566,37.35630485621198,37.405358036880706,103864000
2017-08-29,38.052391052246094,38.10144069184242,37.372674676180424,37.39603402350743,118067600
2017-08-30,38.15516662597656,38.281297835278444,37.982316721839304,38.26027656108413,109078400
2017-08-31,38.30698776245117,38.42844994111937,38.18552558378298,38.22289911016329,107140400
2017-09-01,38.31866455078125,38.52654987493805,38.220561724518696,38.49384893285053,66364400
2017-09-05,37.85851287841797,38.36537925734849,37.50347153664777,38.24858967056813,117874000
2017-09-06,37.81881332397461,38.07107931566371,37.49413834251233,38.005677417537214,86606800
2017-09-07,37.6669807434082,37.895890927011024,37.45676088775377,37.86085190831144,87714000
2017-09-08,37.05266571044922,37.64128266590205,37.02930636727006,37.57354627329907,114446000
2017-09-11,37.7230339050293,37.851503154374996,37.34697131920014,37.48945474772262,126323200
2017-09-12,37.57356643676758,38.297663694276444,37.0853865539106,37.98233021281416,286856000
2017-09-13,37.29090881347656,37.36332134179477,36.884483385057884,37.342296510148905,179629600
2017-09-14,36.970924377441406,37.23253200379968,36.92654374851207,37.136767217524195,95042800
2017-09-15,37.34464645385742,37.59924694567227,36.90551638420538,37.015298901618394,196458400
2017-09-18,37.0620002746582,37.48945051192964,36.905502684641014,37.398354793438,113077600
2017-09-19,37.076026916503906,37.31895129023793,37.008290513986005,37.25821841473648,83242400
2017-09-20,36.45471954345703,36.966255167212246,35.93150067886467,36.88216648476235,211805600
2017-09-21,35.82870864868164,36.391635302280676,35.67921812284365,36.391635302280676,150046800
2017-09-22,35.47834396362305,35.56710519869088,35.1676832050213,35.39658981930944,186581600
2017-09-25,35.16535186767578,35.46433298060672,34.84067689828347,35.0345480762855,177549200
2017-09-26,35.770320892333984,35.95251239515675,35.43163174293966,35.45265301692629,146640000
2017-09-27,36.02490997314453,36.13936503549677,35.86373979534836,35.92447265314683,102016800
2017-09-28,35.803016662597656,36.03659584414599,35.66754030960337,35.945500105907556,88022000
2017-09-29,35.99921417236328,36.001552244696306,35.504027560074796,35.78665987400254,105199200
2017-10-02,35.926822662353516,36.076313234753755,35.6722221438203,36.03193260848649,74795200
2017-10-03,36.08332061767578,36.225804099091164,35.95018230193744,35.97353808785722,64921200
2017-10-04,35.8497428894043,35.938504146407006,35.61149461661266,35.88478191597005,80655200
2017-10-05,36.29587936401367,36.30755903929241,35.98288402570789,36.013246904468815,85135200
2017-10-06,36.274845123291016,36.31922573500782,36.10199525769272,36.197763570962124,69630400
2017-10-09,36.40098571777344,36.608871086309875,36.31923512717011,36.393978626125616,65051600
2017-10-10,36.41499710083008,36.90551486327479,36.22813658574244,36.45237062950196,62468000
2017-10-11,36.56683349609375,36.667270866092615,36.37996937715583,36.431357098967176,67622400
2017-10-12,36.43834686279297,36.758349153052016,36.37527949526497,36.52010098974167,64500400
2017-10-13,36.669586181640625,36.737322556096686,36.53410986859409,36.60885333129959,65576800
2017-10-16,37.34464645385742,37.372674819448484,36.82376223238343,36.88215703678882,96486000
2017-10-17,37.48244857788086,37.57587881744209,37.192809132624745,37.321278385122824,75989200
2017-10-18,37.316612243652344,37.53851533814077,37.27924227986,37.47077537325406,65496800
2017-10-19,36.43368148803711,36.69062002572236,36.20944745890783,36.613538464416784,170336800
2017-10-20,36.49674987792969,36.847118676757816,36.42901347837597,36.58083853221387,95896400
2017-10-23,36.478065490722656,36.833106894622944,36.32156784474707,36.646242810247216,87937200
2017-10-24,36.69529724121094,36.77004073898034,36.48507380270382,36.50609507731371,71028800
2017-10-25,36.53412628173828,36.80040644724799,36.267846116228576,36.650915890543175,84828400
2017-10-26,36.7677001953125,36.86580302486017,36.62054416892325,36.7256540888575,68002000
2017-10-27,38.08509063720703,38.213559914636534,37.06901965515249,37.20683053269691,177816800
2017-10-30,38.94232177734375,39.25765510087755,38.24158422650019,38.2812922600184,178803200
2017-10-31,39.484222412109375,39.62670585228483,38.99370828012982,39.21794229356751,144187200
2017-11-01,38.982032775878906,39.694450052917546,38.683051683242326,39.67809779803572,134551200
2017-11-02,39.267005920410156,39.35810168084488,38.60597624786637,38.914302553421635,165573600
2017-11-03,40.29241943359375,40.70351761834885,39.97007893760136,40.6427882982337,237594400
2017-11-06,40.701171875,40.87402175026953,40.11021683821548,40.262041878666054,140105200
2017-11-07,40.831966400146484,40.93474178573312,40.54933765391786,40.62174661263536,97446000
2017-11-08,41.165992736816406,41.165992736816406,40.719855682623354,40.79693723367256,97638000
2017-11-09,41.0819206237793,41.13330834515264,40.44191218021639,40.902063598972596,117930400
2017-11-10,40.945945739746094,41.11238472002674,40.852179617610815,41.04909062026387,100582000
2017-11-13,40.7818489074707,40.90609061573516,40.64822844181956,40.67167175833839,67928400
2017-11-14,40.16533660888672,40.66699295104361,40.12782872348555,40.563848054664824,99130000
2017-11-15,39.63554382324219,39.92622451600959,39.471451326094524,39.84417647896168,116632400
2017-11-16,40.10908126831055,40.28958127312286,39.921545404644725,40.12783163542295,94550000
2017-11-17,39.88637161254883,40.177052315905385,39.76681926961785,40.09500427586856,87598000
2017-11-20,39.846519470214844,39.98248284728732,39.74806397170337,39.91918874933416,65049600
2017-11-21,40.58729553222656,40.71856956762042,40.03406668524586,40.03406668524586,100525200
2017-11-22,41.013916015625,41.02329119404119,40.56617523612559,40.638844493929206,102355600
2017-11-24,41.01626205444336,41.14050374541046,40.94124631358535,41.04673764628535,56106800
2017-11-27,40.80998611450195,41.04206211702475,40.63417193660703,41.035029836064844,82867200
2017-11-28,40.57087326049805,40.99282434115048,40.28722486993264,40.859207452796646,105715200
2017-11-29,39.729305267333984,40.5357066749356,39.18545540122101,40.46772678302688,166665600
2017-11-30,40.284881591796875,40.352861485770454,39.48551243918292,39.95200367056722,166108800
2017-12-01,40.097347259521484,40.242685810059555,39.499578443064735,39.83948507926234,159037200
2017-12-04,39.804325103759766,40.46538446150413,39.76447432483086,40.43256596256573,130169600
2017-12-05,39.76681137084961,40.20751992909099,39.47613072523012,39.63084801613795,109400800
2017-12-06,39.619136810302734,39.8980958722697,39.02137147974328,39.265165560710635,114240000
2017-12-07,39.691802978515625,39.95435095634073,39.595690387723245,39.62381950621939,102693200
2017-12-08,39.70353317260742,40.085637174508584,39.574605622201844,39.96608480747924,93420800
2017-12-11,40.47711181640625,40.528684261559306,39.567565322196295,39.663677931522315,141095200
2017-12-12,40.24972915649414,40.411478788861885,40.19347090311334,40.35521695853212,77636800
2017-12-13,40.383338928222656,40.68104831176175,40.320044833043944,40.437254265698144,95273600
2017-12-14,40.37162780761719,40.584949889197986,40.23800730257791,40.41382149745131,81906000
2017-12-15,40.7818489074707,40.82873196356048,40.427877720502835,40.7021473544233,160677200
2017-12-18,41.35618209838867,41.53902855507116,40.9904891850237,40.995178564590795,117684400
2017-12-19,40.91546630859375,41.11472377065563,40.80997853683367,41.030332837857976,109745600
2017-12-20,40.87092971801758,41.121756038488414,40.61306754094667,40.99282494995297,93902400
2017-12-21,41.025638580322266,41.26240389034865,40.81232016126794,40.828727619527115,83799600
2017-12-22,41.025638580322266,41.121751160096395,40.9060862634711,40.94827993637827,65397600
2017-12-26,39.984825134277344,40.19580066941021,39.7761889230056,40.03874046846502,132742000
2017-12-27,39.991851806640625,40.034045476972366,39.783219201567775,39.87464239756717,85992800
2017-12-28,40.1043701171875,40.284873600961625,39.96371740155494,40.08561618330668,65920800
2017-12-29,39.67070770263672,39.98951753570867,39.66836480144112,39.97311007344273,103999600
2018-01-02,40.38098907470703,40.39036783162625,39.67773253757,39.88871164487974,102223600
2018-01-03,40.37397003173828,40.91782364902339,40.31067949804907,40.444296423897406,118071600
2018-01-04,40.56149673461914,40.66464160959015,40.33879952381251,40.44663020077451,89738400
2018-01-05,41.02330780029297,41.110041649304335,40.56619165733656,40.65761488592784,94640000
2018-01-08,40.87092971801758,41.16629619425048,40.772470648992005,40.87092971801758,82271200
2018-01-09,40.86623764038086,41.03736239552762,40.65057273241356,40.917810072389095,86336000
2018-01-10,40.85686492919922,40.8592114072408,40.55446614853844,40.59197402772143,95839600
2018-01-11,41.08894348144531,41.13817302307532,40.90375412891968,40.927193872166164,74670800
2018-01-12,41.51324462890625,41.57653873724275,41.1756808203766,41.29992255866199,101672400
2018-01-16,41.3022575378418,42.052397138529756,41.290535880013536,41.70311176615497,118263600
2018-01-17,41.98442459106445,42.01958599375267,41.03971675139146,41.29288600464342,137547200
2018-01-18,42.02193069458008,42.21884528891234,41.785168893460266,42.04771691663856,124773600
2018-01-19,41.834388732910156,42.09693669519118,41.58824822979784,41.86955012894861,129700400
2018-01-22,41.49214172363281,41.67498816371669,41.39837560249429,41.56246810296082,108434400
2018-01-23,41.50151062011719,42.06411799259364,41.44994176516418,41.56246180888039,130756400
2018-01-24,40.8404541015625,41.56246462005955,40.60134586266364,41.55074296166244,204420400
2018-01-25,40.111412048339844,41.01157962956729,39.97544867769382,40.908434756873895,166116000
2018-01-26,40.205196380615234,40.32006296397027,39.865289588460065,40.32006296397027,156572000
2018-01-29,39.372989654541016,39.888710383409084,39.164357031532894,39.888710383409084,202561600
2018-01-30,39.14091873168945,39.23468484824336,38.60878689902846,38.803354988978484,184192800
2018-01-31,39.248748779296875,39.485514121767004,39.030740952174725,39.11747478744508,129915600
2018-02-01,39.3307991027832,39.527710102026376,39.09169084544609,39.18780344398676,188923200
2018-02-02,37.62423324584961,39.101073023225936,37.53046711713781,38.9135371888538,346375200
2018-02-05,36.6842155456543,38.41657110176653,36.56934899508362,37.29604902768845,290954000
2018-02-06,38.217315673828125,38.37906529853758,36.10051314382347,36.29508127376754,272975200
2018-02-07,37.39918518066406,38.30404216762096,37.28901160186484,38.23137288977657,206434400
2018-02-08,36.37009048461914,37.74144246457728,36.3419613615672,37.57500347364013,217562000
2018-02-09,36.8149528503418,37.16330635492814,35.3626915731979,36.97030099389213,282690400
2018-02-12,38.29781723022461,38.57555763932892,37.07386597411021,37.30688820918879,243278000
2018-02-13,38.68146896362305,38.77797343170304,38.048310583021724,38.11892369604445,130196800
2018-02-14,39.394657135009766,39.434670397688606,38.33782717155725,38.3754843889693,162579600
2018-02-15,40.71746063232422,40.740995941616454,39.77831451733618,39.96425890433248,204588800
2018-02-16,40.58564758300781,41.14819642230458,40.43030304966786,40.569173225750966,160704400
2018-02-20,40.449134826660156,41.01638500061634,40.34792186009505,40.49620903810648,135722000
2018-02-21,40.26554489135742,40.98343473257969,40.25141939484181,40.679803000841424,149886400
2018-02-22,40.60212707519531,40.94341959897024,40.41618268219754,40.437365538703844,123967600
2018-02-23,41.308258056640625,41.34356282349474,40.84692208439462,40.87752194335668,135249600
2018-02-26,42.1249885559082,42.22384544778756,41.475356012901976,41.5083083101951,152648800
2018-02-27,41.98847961425781,42.48041172327539,41.93434445561561,42.15559717989041,155712400
2018-02-28,41.924930572509766,42.51336718436975,41.90845621497436,42.19325752385664,151128400
2018-03-01,41.19056701660156,42.315657645503855,40.639791153890215,42.02379176340598,195208000
2018-03-02,41.47536087036133,41.49654372291683,40.590350053929036,40.67273260257573,153816000
2018-03-05,41.618953704833984,41.83549798498244,41.07759120869651,41.240000316691024,113605600
2018-03-06,41.58363723754883,41.95552959990914,41.456536512162586,41.875503084238844,95154000
2018-03-07,41.197628021240234,41.390636973725314,41.01874456578016,41.17644516300136,126814000
2018-03-08,41.64718246459961,41.68954816883337,41.207033110135754,41.303533966956444,95096400
2018-03-09,42.36272048950195,42.36742898724045,41.75310112326421,41.88726637232557,128740800
2018-03-12,42.77226257324219,42.92996308729246,42.416848303504764,42.43567510654404,128828400
2018-03-13,42.36037063598633,43.19124275701398,42.188548169066856,42.977050990910776,126774000
2018-03-14,42.000240325927734,42.489819879768824,41.85195319231081,42.44274568241567,117473600
2018-03-15,42.049686431884766,42.423934914099554,41.91317227385684,42.014381665417666,90975200
2018-03-16,41.90138626098633,42.16029615966206,41.80723426839683,42.049669813076456,157618800
2018-03-19,41.261173248291016,41.77193576305772,40.87515899977217,41.73663100526373,133787200
2018-03-20,41.24705123901367,41.61423508525341,41.17643813207561,41.24705123901367,78597600
2018-03-21,40.31261444091797,41.21174367230431,40.31025839600515,41.199974222335854,148219600
2018-03-22,39.74300765991211,40.644489331080045,39.684164002489396,40.01368704744385,165963200
2018-03-23,38.82269287109375,39.99485754775119,38.82269287109375,39.63473464352793,164115200
2018-03-26,40.665679931640625,40.74335399835745,39.17575794250631,39.559419777386694,150164800
2018-03-27,39.622962951660156,41.225863550656555,39.28873141985822,40.87986256946427,163690400
2018-03-28,39.18516159057617,40.01838966857184,38.881529943140286,39.366401034450234,166674000
2018-03-29,39.49114990234375,40.425587346973295,39.28401910609397,39.49821085298578,153594000
2018-04-02,39.232242584228516,39.76419155989348,38.71206665019576,39.22282917906744,150347200
2018-04-03,39.634742736816406,39.71947776637932,38.808578892227466,39.458211724521384,121112000
2018-04-04,40.39263916015625,40.4867875726584,38.782677602260065,38.80856895442792,138422000
2018-04-05,40.672752380371094,41.00933650641636,40.503282294456504,40.62096965458979,107732800
2018-04-06,39.63238525390625,40.59741917707772,39.5900159487348,40.242004743708065,140021200
2018-04-09,40.025455474853516,40.74099275056252,39.978381268424144,39.98544221981196,116070800
2018-04-10,40.778663635253906,40.95519464666193,40.373818895102225,40.71981996478456,113634400
2018-04-11,40.5880012512207,40.93635469352344,40.413822734303444,40.53857099928074,89726400
2018-04-12,40.98814010620117,41.19056244243671,40.729226562807334,40.816317622784545,91557200
2018-04-13,41.12700653076172,41.388272503790546,40.91987930647764,41.138775980120656,100497200
2018-04-16,41.383575439453125,41.47066291645523,41.15055322750271,41.197627442327295,86313600
2018-04-17,41.95317459106445,42.11793611080051,41.52243859491263,41.541268995958426,106421600
2018-04-18,41.85902404785156,42.089693775070444,41.63306641047342,41.851963096154236,83018000
2018-04-19,40.672752380371094,41.28237204389356,40.6398000631951,40.89871010056841,139235200
2018-04-20,39.00627517700195,40.30083535014483,38.938014538433414,40.15490426173501,261964400
2018-04-23,38.893314361572266,39.288742109648695,38.62263131807293,39.2675592499016,146062000
2018-04-24,38.3519401550293,39.14985995231257,37.9470955318883,38.994511845205345,134768000
2018-04-25,38.51905822753906,38.93567234410934,38.227195973821644,38.27662263674322,113528400
2018-04-26,38.653228759765625,39.00864322003151,38.45315885279838,38.629689856052146,111852000
2018-04-27,38.20600891113281,38.67911059037383,37.80822524046531,38.601436537089796,142623200
2018-04-30,38.898006439208984,39.36875565537939,38.093025710541376,38.16128635814372,169709600
2018-05-01,39.80185317993164,39.82538848908301,38.90036787504531,39.16869482178843,214277600
2018-05-02,41.56010818481445,41.83784857802126,40.908119327927295,41.244703390020206,266157600
2018-05-03,41.635414123535156,41.778992777587,41.05874705420715,41.39768706321684,136272800
2018-05-04,43.26892852783203,43.36778546398447,41.93670695635998,41.95553736203654,224805200
2018-05-07,43.58195877075195,44.17274768276429,43.48545432948765,43.58666367652256,169805600
2018-05-08,43.79145050048828,43.8314637564863,43.23125773345237,43.541953968070146,113611200
2018-05-09,44.099796295166016,44.109209701260625,43.596094668095986,43.90914339584278,92844800
2018-05-10,44.73058319091797,44.80825723258625,44.16803809356075,44.18922453512921,111957200
2018-05-11,44.56047821044922,44.90781348080531,44.29111653194672,44.77313444424495,104848800
2018-05-14,44.456504821777344,44.78257548729426,44.38798455421709,44.65970770522713,83115200
2018-05-15,44.052467346191406,44.20132633119791,43.73584996716356,44.132802453339124,94780800
2018-05-16,44.463584899902344,44.529747236177116,43.94849140859922,43.96503289401302,76732400
2018-05-17,44.18241500854492,44.63607645260049,44.03355605153051,44.421058760330936,69176000
2018-05-18,44.021751403808594,44.37617482697968,43.97922232361118,44.22968096579104,73190800
2018-05-21,44.333641052246094,44.7211438096648,44.163517538708014,44.42106433364887,73603200
2018-05-22,44.222591400146484,44.6289972010794,44.13280298203438,44.510856063724056,60962800
2018-05-23,44.506141662597656,44.539221045949645,43.89180613705229,44.03121545760503,80233600
2018-05-24,44.456504821777344,44.6195401545358,43.99812027574511,44.603002271489295,92936000
2018-05-25,44.558101654052734,44.81092175564102,44.338357313797694,44.475401434577925,69844000
2018-05-29,44.39743423461914,44.598275593350905,44.154063800606444,44.32655244248424,90056400
2018-05-30,44.30292892456055,44.42107006835937,44.132805389059705,44.35491131626256,74762000
2018-05-31,44.15406036376953,44.47540434949912,43.9815753406986,44.23676058866452,109931200
2018-06-01,44.950340270996094,44.95506332051401,44.36199612169782,44.41870516434459,93770000
2018-06-04,45.32603073120117,45.701718695470696,45.212616244991445,45.28113652061899,105064800
2018-06-05,45.675716400146484,45.82457535582119,45.45124900716665,45.6190109735128,86264000
2018-06-06,45.83403396606445,45.85766363534121,45.347293064166436,45.75133733435847,83734400
2018-06-07,45.71116256713867,45.88600911282106,45.446524013451096,45.87183275564473,85388800
2018-06-08,45.295310974121094,45.36619637703649,44.83928791820581,45.17008165796916,106627200
2018-06-11,45.18425750732422,45.35910768515719,44.94325218766686,45.21261383139903,73234000
2018-06-12,45.43235397338867,45.51032755408102,45.16535385817376,45.222062900144905,67644400
2018-06-13,45.05902099609375,45.574118137506474,44.99758891360887,45.46542672423859,86553600
2018-06-14,45.0826530456543,45.26459138372451,44.945608910973704,45.25986472932009,86440400
2018-06-15,44.61953353881836,44.9314277996564,44.48248941863624,44.900709957348866,246876800
2018-06-18,44.59591293334961,44.709327403259046,44.23203625120954,44.392710055180494,73939600
2018-06-19,43.87525939941406,44.02647992215143,43.345985767142466,43.745303417675316,134314000
2018-06-20,44.0666389465332,44.232035797910484,43.88470060732771,44.031198051731266,82514800
2018-06-21,43.820899963378906,44.503755401551075,43.69803220548436,44.24384353011653,102847600
2018-06-22,43.69331741333008,43.98394359909991,43.641335024931394,43.97685541935294,108801600
2018-06-25,43.04353332519531,43.69330945646864,42.703286337776724,43.33415945804006,126652400
2018-06-26,43.57754135131836,44.07373560631054,43.13096796397806,43.23729787960613,98276800
2018-06-27,43.51374053955078,44.25094001454132,43.483022692965825,43.76656067524056,101141200
2018-06-28,43.83036422729492,43.998126237389926,43.428685060573926,43.49957046773212,69460800
2018-06-29,43.73820877075195,44.22967629833149,43.21838852603281,44.01702010364107,90950800
2018-07-02,44.22730255126953,44.25565886826544,43.33888273530668,43.43339778299236,70925200
2018-07-03,43.457035064697266,44.40925233310828,43.36724664755097,44.371446304269696,55819200
2018-07-05,43.806739807128906,44.045387252986416,43.54210476775948,43.77366042720773,66416800
2018-07-06,44.413978576660156,44.52266640183763,43.75947567930748,43.811458067133685,69940800
2018-07-09,45.030677795410156,45.05430386041232,44.72823676248304,44.775492497868875,79026400
2018-07-10,44.97633361816406,45.19607440885067,44.936162457669376,45.061395383515986,63756400
2018-07-11,44.39271926879883,44.84165419251075,44.3289220388796,44.53921313972723,75326000
2018-07-12,45.13698959350586,45.22677798564633,44.73058391012736,44.782566283958126,72164400
2018-07-13,45.2078857421875,45.32838839819301,45.10628249445715,45.14881517652929,50055600
2018-07-16,45.10865020751953,45.519779060598594,44.992870594262484,45.25278254019406,60172400
2018-07-17,45.236236572265625,45.33547468578445,44.70460150352695,44.83455746362817,62138000
2018-07-18,44.988136291503906,45.31893358512692,44.87708335215528,45.314206930900376,65573600
2018-07-19,45.33783721923828,45.49614588688389,44.82037853844009,44.82037853844009,81147200
2018-07-20,45.233882904052734,45.46780006748142,44.9338033814058,45.314218018656895,82704800
2018-07-23,45.2740478515625,45.356748091781846,44.78966845609519,45.05430345618675,63957600
2018-07-24,45.60247802734375,45.75842519055261,45.378010592326866,45.47252205800304,74791600
2018-07-25,46.03251647949219,46.03960465960939,45.46779835735736,45.61665735058162,66839600
2018-07-26,45.88838195800781,46.30187593695004,45.7466111516465,45.982893425327774,76304000
2018-07-27,45.125186920166016,46.11993686334562,44.91726097420194,46.07268113041657,96096000
2018-07-30,44.87238311767578,45.413468126841934,44.67390680381958,45.342582698926826,84118000
2018-07-31,44.96214294433594,45.39926650211066,44.7376755519843,44.96450807402614,157492000
2018-08-01,47.61087417602539,47.67230626412179,46.62085095500786,47.05088638782584,271742800
2018-08-02,49.0025749206543,49.23649564245094,47.33914949290995,47.39349340005751,249616000
2018-08-03,49.14435577392578,49.321567494955595,48.55128490676838,48.91752318463968,133789600
2018-08-06,49.3995246887207,49.44205375706888,48.92696025615613,49.14670098671602,101701600
2018-08-07,48.93642807006836,49.50114263177163,48.85372782160956,49.458613547683214,102349600
2018-08-08,48.96950149536133,49.101818992504654,48.32445189409689,48.68596348642828,90102000
2018-08-09,49.35464096069336,49.56729355830663,48.95768487833233,49.508222991705026,93970400
2018-08-10,49.2076301574707,49.579896047747305,49.00371461649687,49.16732173423497,98444800
2018-08-13,49.52536392211914,50.018555141776424,49.2479445394418,49.629693321011686,103563600
2018-08-14,49.73402404785156,49.92608334729282,49.38072741362771,49.83124041014503,82992000
2018-08-15,49.85020446777344,49.968759935727405,49.3973217118631,49.608350300100135,115230400
2018-08-16,50.580509185791016,50.69669123482444,50.141852484591766,50.20824326061828,114001600
2018-08-17,51.590599060058594,51.67832895060167,50.54256913331326,50.60895990745815,141708000
2018-08-20,51.087921142578125,51.96997044895426,51.00493087218621,51.7138938355704,121150800
2018-08-21,50.98832702636719,51.49811763900406,50.74884631665166,51.40564453148764,104639200
2018-08-22,50.99069595336914,51.30131063024423,50.703790193904965,50.765441338828225,76072400
2018-08-23,51.09503936767578,51.46493186680774,50.88401076916968,50.895863422121245,75532800
2018-08-24,51.25388717651367,51.42934690699954,51.004920036256244,51.35821653951867,73905600
2018-08-27,51.675960540771484,51.86565002261064,51.294211770104596,51.48864086592092,82100400
2018-08-28,52.0932731628418,52.29244548552432,51.908326917775774,51.9296660342005,91107200
2018-08-29,52.87099075317383,52.99191963522178,52.024506668965344,52.19996643032836,109019200
2018-08-30,53.35707092285156,54.12293819410298,52.73346803514367,52.93501376769563,195175200
2018-08-31,53.973575592041016,54.267590902908694,53.58708352214378,53.708008824062595,173360400
2018-09-04,54.14664077758789,54.34106981808809,53.736439967658605,54.15849704520953,109560400
2018-09-05,53.793357849121094,54.45726920533211,53.3736740899167,54.296035502637366,133332000
2018-09-06,52.899452209472656,53.90717370539204,52.4726517934781,53.64160699209219,137160000
2018-09-07,52.47265625,53.4376959772682,52.33276165171727,52.60306800180006,150479200
2018-09-10,51.7684211730957,52.603052520961775,51.32739477190782,52.3896505486305,158066000
2018-09-11,53.07728576660156,53.18398496680129,51.34874497486776,51.69255511685615,142996000
2018-09-12,52.418121337890625,53.34996566824342,52.126472253925435,53.33573958961606,197114800
2018-09-13,53.68427658081055,54.14427227864786,52.77377164667225,52.999026264822746,166825600
2018-09-14,53.074913024902344,53.7862458594256,52.761928459085574,53.52779579787503,127997200
2018-09-17,51.661720275878906,52.86387056968871,51.51708249272369,52.67418113994048,148780400
2018-09-18,51.74709701538086,52.60306772243483,51.48153028093671,51.64039418936722,126286800
2018-09-19,51.77791213989258,52.07430079960809,51.049983473004616,51.808737718271196,108495200
2018-09-20,52.171512603759766,52.70501214477556,51.962853847727715,52.221307486185715,106435200
2018-09-21,51.60957336425781,52.48688320867126,51.52183984719814,52.34935841519708,384986800
2018-09-24,52.35171890258789,52.463161325425574,51.36534021627481,51.41039187036139,110773600
2018-09-25,52.68367004394531,52.83305106472694,52.0932626162121,52.10511888450074,98217600
2018-09-26,52.263980865478516,53.05356054711364,52.10748681296886,52.40150561301503,95938800
2018-09-27,53.33810806274414,53.69140468460075,53.0037807512583,53.07017514656896,120724800
2018-09-28,53.525421142578125,53.549130064099145,53.11759006495077,53.300162870962296,91717600
2018-10-01,53.885826110839844,54.397986563838984,53.67005792440383,54.0494332237167,94403200
2018-10-02,54.36479949951172,54.53551967663719,53.73645691566524,53.8834645500687,99152800
2018-10-03,55.026329040527344,55.3582828577867,54.48334304612246,54.5473640030315,114619200
2018-10-04,54.058929443359375,55.09273338076516,53.76016731617522,54.72046743436145,128168000
2018-10-05,53.181610107421875,54.15850962149959,52.301930563207314,54.05181042417778,134322000
2018-10-08,53.05832290649414,53.30254691678055,52.21183500476307,52.68843037122642,118655600
2018-10-09,53.793357849121094,53.888204396023134,52.697906463089694,53.02749052526942,107564000
2018-10-10,51.30131912231445,53.670058530674225,51.22781531553088,53.45902995525262,167962400
2018-10-11,50.84844207763672,52.04585308870412,50.34339821862812,50.865041580650036,212497600
2018-10-12,52.66471862792969,52.847295091123705,51.415142780761784,52.26400050261972,161351600
2018-10-15,51.5384407043457,52.598327032164335,51.51710158532215,52.43946311605629,123164000
2018-10-16,52.6741828918457,52.87335878961951,51.396155336420364,51.91068553478381,116736000
2018-10-17,52.446556091308594,52.790366143475644,52.007899516389486,52.70974931265508,91541600
2018-10-18,51.220706939697266,52.102759937440126,50.50463087851335,51.65699020665962,130325200
2018-10-19,52.000789642333984,52.46315516254536,51.55502000334808,51.70440102450296,132314800
2018-10-22,52.31852722167969,52.96109945803747,51.91306954225045,52.114611669502295,115168400
2018-10-23,52.81171417236328,52.93501286374928,50.907713775149524,51.175650272384814,155071200
2018-10-24,51.00019073486328,53.16738456128527,50.86977899548912,52.78089619299104,163702000
2018-10-25,52.11699295043945,52.49162872454073,51.393803754168836,51.62143188175903,119423200
2018-10-26,51.28709030151367,52.20945159210502,50.426376544726565,51.1922437671702,189033600
2018-10-29,50.32442855834961,52.09090438514096,48.86619406740807,51.97234891195998,183742000
2018-10-30,50.57576370239258,51.02152980472352,49.62020691352,50.065973015850936,146640000
2018-10-31,51.89410400390625,52.27110955583086,51.3629741596798,51.424625323810965,153435600
2018-11-01,52.69078826904297,52.72398365270438,51.40801733965286,51.939147096260946,233292800
2018-11-02,49.19578552246094,50.6587598469448,48.709707285852986,49.68660699175535,365314800
2018-11-05,47.799190521240234,48.463101835106706,46.98827159158409,48.441762720174445,264654800
2018-11-06,48.316097259521484,48.54135192892878,47.82290607013109,47.877440573286876,127531600
2018-11-07,49.781436920166016,49.80751926608168,48.401453247422836,48.83773647180707,133697600
2018-11-08,49.60776138305664,49.99559837377543,49.193747401398795,49.96228715437657,101450400
2018-11-09,48.65122604370117,49.01764928927331,48.12300292754273,48.90819974593897,137463200
2018-11-12,46.200469970703125,47.55196113045554,46.11005227310484,47.34971216392766,204542000
2018-11-13,45.738868713378906,46.91666232300983,45.553277169104916,45.59610794197945,187531600
2018-11-14,44.446868896484375,46.27423304000545,44.23986013584267,46.13622840979425,243204000
2018-11-15,45.54376220703125,45.67700704876969,44.47065835463488,44.825187661199365,185915200
2018-11-16,46.04817581176758,46.39080737281497,45.07976930443775,45.32722341483391,147713200
2018-11-19,44.22319793701172,45.37481805625231,44.01619284637753,45.20826202754382,167701200
2018-11-20,42.11030578613281,43.17864971687647,41.76053630707205,42.4410397716322,271300800
2018-11-21,42.06271743774414,42.89312311671695,42.007992664771145,42.764634447207605,124496800
2018-11-23,40.994384765625,42.01990180472043,40.949179542058644,41.62492338758252,94496000
2018-11-26,41.54877853393555,41.62729859680167,40.5113675567691,41.458364462378924,179994000
2018-11-27,41.4583625793457,41.58446956319541,40.65888990269772,40.808788533497605,165549600
2018-11-28,43.05255889892578,43.13583513001545,41.62254731538179,42.050837004551795,184250000
2018-11-29,42.72180938720703,43.49510862501545,42.281622214964095,43.4617974184589,167080000
2018-11-30,42.491004943847656,42.90739680121857,42.12220000118936,42.897877239886725,158126000
2018-12-03,43.975746154785156,44.004297581060094,43.116788984737276,43.89008824531101,163210000
2018-12-04,42.04130935668945,43.39755663566441,41.94137572883335,43.05492497978663,165377200
2018-12-06,41.572574615478516,41.58685033070264,40.5494393335014,40.86827574233966,172393600
2018-12-07,40.0902099609375,41.5178392085096,40.045001120527225,41.27990100058092,169126400
2018-12-10,40.354331970214844,40.470919398685005,38.86245800347028,39.2598144779632,248104000
2018-12-11,40.1235237121582,40.87540573765467,39.73568324680382,40.844476237501574,189126800
2018-12-12,40.2353630065918,40.906347041677016,40.216327509267764,40.544679853820156,142510800
2018-12-13,40.6755485534668,41.06101103888062,40.34243641115861,40.566098976986986,127594400
2018-12-14,39.374019622802734,40.230598753946886,39.32643270010572,40.21156325873819,162814800
2018-12-17,39.00759506225586,40.05690355629538,38.71968819868233,39.36688049224076,177151600
2018-12-18,39.514400482177734,39.86178823741451,39.11466239936881,39.35022253552312,135366000
2018-12-19,38.281890869140625,39.84276545172871,37.85360122619874,39.49775566153807,196189200
2018-12-20,37.315860748291016,38.572174571532805,36.95181547170675,38.16529851677097,259092000
2018-12-21,35.864444732666016,37.63232847502574,35.60271473880039,37.32300790895644,382978400
2018-12-24,34.93647384643555,36.05954268213559,34.87936735913485,35.250550449965445,148676800
2018-12-26,37.396751403808594,37.41102711679266,34.9102976111204,35.28624045251434,234330000
2018-12-27,37.154056549072266,37.30158073396154,35.7073951737711,37.08029627195242,212468400
2018-12-28,37.173099517822266,37.717980256893036,36.77336491733658,37.47528217479797,169165600
2018-12-31,37.53239440917969,37.91785335150146,37.23258978235086,37.72036409704068,140014000
2019-01-02,37.57521438598633,37.79649888400641,36.69722151346666,36.8542616564938,148158800
2019-01-03,33.83244705200195,34.67236895047303,33.78723819464029,34.25835500640601,365248800
2019-01-04,35.27672576904297,35.345729898875284,34.21552314309918,34.3892170595102,234428400
2019-01-07,35.19820022583008,35.41234680881426,34.7151859148074,35.381413677453956,219111200
2019-01-08,35.869197845458984,36.123793562928256,35.33859646605184,35.58605069449792,164101200
2019-01-09,36.47830581665039,36.76859071870635,35.60269496042507,35.997669623478394,180396400
2019-01-10,36.594905853271484,36.6353549226105,35.89536677383828,36.285585382893906,143122800
2019-01-11,36.23561477661133,36.57110858307444,36.05002323062101,36.37600110449598,108092800
2019-01-14,35.69075012207031,35.992932823019416,35.505158511887615,35.89299915835572,129756800
2019-01-15,36.42121505737305,36.4973534206971,35.70264041950483,35.75498713269954,114843600
2019-01-16,36.866153717041016,37.089816257077324,36.40455292260857,36.42358841863822,122278800
2019-01-17,37.08505630493164,37.51334588700581,36.46641539408566,36.69007793309382,119284800
2019-01-18,37.31348419189453,37.56569819711557,37.11361327001073,37.475280485564575,135004000
2019-01-22,36.475929260253906,37.29205559889947,36.314129385341815,37.21591725767247,121576000
2019-01-23,36.62346267700195,36.913747693269144,36.095239360886275,36.678187469385016,92522400
2019-01-24,36.33316421508789,36.756693941632484,36.10474556492736,36.66865796507572,101766000
2019-01-25,37.53714370727539,37.62518334431793,36.71863903105032,36.99464469097902,134142000
2019-01-28,37.18975830078125,37.19689615957579,36.561601312308746,37.0684074399732,104768400
2019-01-29,36.80429458618164,37.62518462759539,36.66867164280698,37.17785946075547,166348800
2019-01-30,39.31929016113281,39.53343310309419,38.12483930122953,38.843413729530596,244439200
2019-01-31,39.602439880371094,40.211561172854836,39.15511484279429,39.523919828201805,162958400
2019-02-01,39.62147903442383,40.206805105535146,39.481092705405594,39.72617244698673,130672400
2019-02-04,40.74692153930664,40.844477084128826,39.80230648382668,39.83323961527012,125982000
2019-02-05,41.44408416748047,41.65823077875106,41.00866034892797,41.13000755385985,144406400
2019-02-06,41.4583625793457,41.77482089204486,41.127628552346515,41.55591450394574,112958400
2019-02-07,40.67316436767578,41.38697910594836,40.53039996776146,41.02055217380472,126966800
2019-02-08,40.7209587097168,40.78069839317819,40.245429516724585,40.381637745202596,95280000
2019-02-11,40.48677062988281,40.91212046871485,40.44375981423957,40.873886201773935,83973600
2019-02-12,40.83564758300781,40.86193318295091,40.55128617804705,40.64687183521285,89134000
2019-02-13,40.665992736816406,41.21559851553818,40.603864782993156,40.95513438892217,89960800
2019-02-14,40.814144134521484,40.92406308775779,40.474823239307405,40.55368004291788,87342800
2019-02-15,40.72333908081055,41.029205909072424,40.563237197753175,40.921675228955706,98507200
2019-02-19,40.8452033996582,40.96707465400429,40.50110598032196,40.55367717901637,75891200
2019-02-20,41.108062744140625,41.416321493088006,40.859547313325095,40.90733832161036,104457600
2019-02-21,40.87628173828125,41.18931710625614,40.69467440737777,41.05311251963379,68998800
2019-02-22,41.33269500732422,41.33986347807937,40.952751472416445,41.00054249285786,75652800
2019-02-25,41.6337776184082,42.025669781395585,41.56686946713383,41.617052403699994,87493600
2019-02-26,41.65767288208008,41.88946312542803,41.38047989985893,41.50951964678491,68280800
2019-02-27,41.78670883178711,41.817774631160844,41.27533733357488,41.39004014069917,111341600
2019-02-28,41.375694274902344,41.796263888245086,41.320734799056915,41.655279141145016,112861600
2019-03-01,41.81060791015625,41.853618729961276,41.31357333049172,41.64572580846216,103544800
2019-03-04,42.02088928222656,42.474909358370766,41.57164575485241,41.982655014743564,109744800
2019-03-05,41.94441604614258,42.05672691539834,41.70784564460425,42.04238997825421,78949600
2019-03-06,41.703086853027344,41.93487715880439,41.564490324587965,41.738929211148914,83241600
2019-03-07,41.22038650512695,41.68396708747858,41.10568732014163,41.54775884275365,99185600
2019-03-08,41.318355560302734,41.356589832825826,40.50350540248133,40.69945331449648,95997600
2019-03-11,42.74971008300781,42.80228128884256,41.901409612771666,41.93486368501011,128044000
2019-03-12,43.23002243041992,43.650588460311994,42.86202396382128,43.01256912254078,129870400
2019-03-13,43.42119216918945,43.801135672491235,43.232412731751154,43.55022827826939,124130000
2019-03-14,43.90388870239258,43.992305916475004,43.62430741144457,43.94451125103757,94318000
2019-03-15,44.4749870300293,44.76412862855345,43.906267867999446,44.171512140747396,156171600
2019-03-18,44.929012298583984,45.01742584391315,44.39613181377385,44.39852373416876,104879200
2019-03-19,44.572967529296875,45.160807555548054,44.42720257150999,45.00787412821596,126585600
2019-03-20,44.96247100830078,45.28028652491381,44.14284075046286,44.501278809560496,124140800
2019-03-21,46.61845016479492,46.914760254354924,45.35674856766888,45.40693149712946,204136800
2019-03-22,45.653072357177734,47.239758396146875,45.58855247028683,46.67820384513992,169630800
2019-03-25,45.101078033447266,45.875302088418195,44.589706428832365,45.762991178627985,175381200
2019-03-26,44.635093688964844,46.0903549339732,44.106997007157496,45.79882503010239,199202000
2019-03-27,45.03654861450195,45.344803747769916,44.57774832631072,45.103456761974385,119393600
2019-03-28,45.096282958984375,45.297007377662844,44.81192154274647,45.151242435146784,83121600
2019-03-29,45.39020919799805,45.42127499911637,45.053276519812606,45.361535317717,94256000
2019-04-01,45.69847106933594,45.80360985284444,45.015048922315,45.794053107514955,111448000
2019-04-02,46.362770080566406,46.46791249669149,45.65306241794264,45.662619162035575,91062800
2019-04-03,46.680599212646484,46.9554003516356,46.1548869787552,46.17878431528539,93087200
2019-04-04,46.7618293762207,46.924319544779436,46.152483951684545,46.54676435485593,76457200
2019-04-05,47.07486343383789,47.098760762089405,46.819175877184065,46.943435420895284,74106400
2019-04-08,47.81563949584961,47.846701648827704,46.91715240954242,46.9362695439554,103526800
2019-04-09,47.67227554321289,48.47278889678804,47.60775565311463,47.86822348861444,143072800
2019-04-10,47.93989181518555,47.96856933777075,47.35683202096376,47.47631136744461,86781200
2019-04-11,47.54083251953125,48.030698582577735,47.41896489546853,47.994856236153524,83603200
2019-04-12,47.52171325683594,47.82519181243846,46.88608591599646,47.60057006165645,111042800
2019-04-15,47.60774230957031,47.75589918776008,47.316212394506586,47.452420608068394,70146400
2019-04-16,47.612525939941406,48.11911726997724,47.44764383635256,47.66270887651136,102785600
2019-04-17,48.53968811035156,48.5994277929976,47.459593627169305,47.68182349642656,115627200
2019-04-18,48.71413040161133,48.783426834035396,48.39392655511742,48.537299615856526,96783200
2019-04-22,48.87421798706055,48.97219191986758,48.350897900264954,48.467988964806544,77758000
2019-04-23,49.579158782958984,49.64367866425876,48.72368604881537,48.850333890412784,93292000
2019-04-24,49.502685546875,49.81810913726031,49.476399943824525,49.55047655799757,70162400
2019-04-25,49.05344772338867,49.64606435188864,49.015213451557486,49.42383448353397,74172800
2019-04-26,48.81926345825195,48.986533820100895,48.298331592813334,48.96263649145658,74596400
2019-04-29,48.89334487915039,49.21832889107268,48.71412583535988,48.8431619425519,88818800
2019-04-30,47.95184326171875,48.60419951041868,47.57906826246165,48.52295442518993,186139600
2019-05-01,50.30558776855469,51.45019836505876,49.9973289961733,50.15265434268361,259309200
2019-05-02,49.978214263916016,50.814569774451115,49.73447899755324,50.14309636224539,127985200
2019-05-03,50.59951400756836,50.62101941942067,50.23629569599362,50.39400934201936,83569600
2019-05-06,49.81810760498047,49.90413288084334,48.62809432739427,48.81687009169931,129772400
2019-05-07,48.475162506103516,49.56481360545872,47.9900766320153,49.19681880816507,155054800
2019-05-08,48.48471450805664,49.067774268181125,48.20991348570915,48.24575582906923,105358000
2019-05-09,47.963783264160156,48.193181539403206,46.99361167304259,47.88731474159924,139634400
2019-05-10,47.29932403564453,47.69992505601361,46.24146077248344,47.356896294561125,164834800
2019-05-13,44.550323486328125,45.452267113753024,43.86187200003429,45.02768396380666,229722400
2019-05-14,45.25556182861328,45.50503431641319,44.4759552713781,44.71583421206585,146118800
2019-05-15,45.79769515991211,45.99679515575002,44.62228960308803,44.6822593490538,106178800
2019-05-16,45.596195220947266,46.1695058149003,45.2987439793821,45.555416235132,132125600
2019-05-17,45.337120056152344,45.79288858202996,44.79978990816282,44.84056888908769,131516400
2019-05-20,43.919429779052734,44.22167955527841,43.245370611853836,44.02257961609759,154449200
2019-05-21,44.76141357421875,45.09724264041479,44.30564137265292,44.43037945163815,113459200
2019-05-22,43.845062255859375,44.547909291417774,43.789891137247494,44.29603573041205,118994400
2019-05-23,43.096656799316406,43.30774780477371,42.6528792389541,43.130239708838886,146118800
2019-05-24,42.9311408996582,43.69155681916654,42.84718179342095,43.22619101713481,94858800
2019-05-28,42.753639221191406,43.31975388805706,42.6768798336193,42.91915634035647,111792800
2019-05-29,42.54973220825195,43.0222940646248,42.218698063515376,42.319446790117254,113924800
2019-05-30,42.770423889160156,42.99350958897045,42.37941997112291,42.68646478004668,84873600
2019-05-31,41.995609283447266,42.69605537404639,41.97641852833002,42.2738660819916,108174400
2019-06-03,41.57102584838867,42.679265508249905,40.84419286883519,42.12274820633601,161584400
2019-06-04,43.09186935424805,43.137446956173484,41.86368987621502,42.084378147407605,123872000
2019-06-05,43.787506103515625,44.375212515342355,43.451677005554046,44.20489683406443,119093600
2019-06-06,44.43037796020508,44.49034769574577,43.6939478508396,43.91703717038729,90105200
2019-06-07,45.61298751831055,46.037574346491404,44.56232005334249,44.7398281596146,122737600
2019-06-10,46.195884704589844,46.865145307701894,45.965599321643666,46.01117690391253,104883600
2019-06-11,46.7308235168457,47.016280088740814,46.44057200073888,46.74281819790048,107731600
2019-06-12,46.582096099853516,47.00908035832402,46.39019219868125,46.524523831423096,73012800
2019-06-13,46.5724983215332,47.20577862546566,46.44056782258836,46.70443248074047,86698400
2019-06-14,46.23427963256836,46.43817458577051,45.648974288763505,45.9488230378223,75046000
2019-06-17,46.51012420654297,46.766796410926815,46.09753216640612,46.27264275521919,58676400
2019-06-18,47.60397720336914,48.04535359576119,46.826771742909735,47.028269183750155,106204000
2019-06-19,47.46485137939453,47.94701045935013,47.330519739694765,47.89903173637508,84496800
2019-06-20,47.846256256103516,48.12211558033927,47.50322745943921,48.0645433155129,86056000
2019-06-21,47.683143615722656,48.17969486399945,47.532018686201404,47.68794222022281,191202400
2019-06-24,47.63516616821289,48.014175378981264,47.536814912325745,47.62556895969275,72881600
2019-06-25,46.91312026977539,47.7982703746433,46.845950807414155,47.599170439754765,84281200
2019-06-26,47.92782211303711,48.213278691889236,47.340119329657185,47.44086806449979,104270000
2019-06-27,47.91341781616211,48.35239668831733,47.8726388381274,48.04534829675481,83598800
2019-06-28,47.476844787597656,47.855853995313346,47.26815125724798,47.659151485123374,124442400
2019-07-01,48.34760665893555,49.05285140942517,48.13171339190629,48.73620941522062,109012000
2019-07-02,48.63065719604492,48.72661096961243,48.30202421469893,48.314018893927646,67740800
2019-07-03,49.03365707397461,49.040853149657444,48.621064986934755,48.76259268904688,45448000
2019-07-05,48.99047088623047,49.1943694326661,48.671431482881296,48.77937992526596,69062000
2019-07-08,47.98058319091797,48.31161361559423,47.59437797857743,48.17008592952371,101354400
2019-07-09,48.27324676513672,48.33801145369314,47.69033894628985,47.78389160113407,82312000
2019-07-10,48.75059127807617,48.87053073657873,48.34999392590905,48.41956086158714,71588400
2019-07-11,48.39557647705078,49.02885673658535,48.3859829299003,48.769787040376364,80767200
2019-07-12,48.76738357543945,48.93529808190345,48.50351530795196,48.5634850359935,70380800
2019-07-15,49.22555923461914,49.38387655433497,48.93530410465948,48.95689233094862,67789600
2019-07-16,49.05524826049805,49.441453539912956,48.81536929589903,49.076836488848954,67467200
2019-07-17,48.77939224243164,49.19677932673481,48.76020148472326,48.94730679705147,56430000
2019-07-18,49.33349609375,49.38626974525693,48.86333183312325,48.93529623611102,74162400
2019-07-19,48.59707260131836,49.53500011636719,48.54190147109845,49.364684461868244,83717200
2019-07-22,49.70772171020508,49.71011918227102,48.84175846024879,48.851352008775265,89111600
2019-07-23,50.0963134765625,50.11310675812358,49.72450041329824,50.00516197466283,73420800
2019-07-24,50.055538177490234,50.170679044292804,49.6957197660028,49.81565923649861,59966400
2019-07-25,49.65973663330078,50.192268145572555,49.59016969452672,50.10830905677958,55638400
2019-07-26,49.83245849609375,50.30981530335246,49.68852965013139,49.77008762138751,70475600
2019-07-29,50.297813415527344,50.5280988040165,50.00036587821219,50.005164481793365,86693600
2019-07-30,50.08192443847656,50.412958544568326,49.729302106403715,50.07712583483784,135742800
2019-07-31,51.10381317138672,53.10200539212989,50.68642611421521,51.91460524561304,277125600
2019-08-01,49.99796676635742,52.30080610324223,49.59257442379039,51.31010488877279,216071600
2019-08-02,48.940101623535156,49.51820707839303,48.36679111201602,49.30231749976287,163448400
2019-08-05,46.37820053100586,47.6519573131319,46.195893826195025,47.493639970124235,209572000
2019-08-06,47.256160736083984,47.51283301071378,46.54611731958452,47.090643648371376,143299200
2019-08-07,47.74549865722656,47.87023672058071,46.49333406145598,46.87474066604032,133457600
2019-08-08,48.79856491088867,48.822554265996544,47.82945572487444,48.02375705635851,108038000
2019-08-09,48.396461486816406,48.82265782887866,47.987114887204,48.47110591935263,98478800
2019-08-12,48.273651123046875,48.65169375794879,47.953399498178506,48.06657126313836,89927600
2019-08-13,50.31795883178711,51.081263786709165,48.27364747421818,48.403676318422924,188874000
2019-08-14,48.82025146484375,49.708768589851594,48.781724120727965,48.91897640632679,146189600
2019-08-15,48.57704544067383,49.39573114261871,48.07860766376741,48.99120512730545,108909600
2019-08-16,49.72321319580078,49.88213572752511,49.082709906732134,49.18865826121502,110481600
2019-08-19,50.65024185180664,51.22332027616502,50.57318719102354,50.71525258840287,97654400
2019-08-20,50.65265655517578,51.372621001381795,50.64302655811778,50.77786856194401,107537200
2019-08-21,51.20166015625,51.44485708837532,50.95123980751882,51.28593824887725,86141600
2019-08-22,51.15831756591797,51.635081413266526,50.746564465365324,51.33409348642569,89014800
2019-08-23,48.79376220703125,51.05960055305975,48.39886613281487,50.42872726224644,187272000
2019-08-26,49.72079849243164,49.88935099513385,49.37646639661162,49.56909940291515,104174400
2019-08-27,49.159759521484375,50.216829027868954,49.00806042283192,50.05068309585326,103493200
2019-08-28,49.48963928222656,49.53539003561432,48.957494677651994,49.1453108526982,63755200
2019-08-29,50.327598571777344,50.402246679692766,49.76174335437585,50.20479679440582,83962000
2019-08-30,50.262577056884766,50.674326482082,49.891757874550635,50.604498899890494,84573600
2019-09-03,49.530574798583984,49.838786156000836,49.174206105477474,49.706350727227374,80092000
2019-09-04,50.37092971801758,50.44075729707975,49.9206529766744,50.178296719193554,76752400
2019-09-05,51.355770111083984,51.52191605519389,50.92957012499807,51.0475587296686,95654800
2019-09-06,51.3509521484375,51.63026985489595,51.17035937387427,51.54117859517896,77449200
2019-09-09,51.570072174072266,52.11666733290454,50.82362424500518,51.73140127816905,109237600
2019-09-10,52.17927551269531,52.198539184328496,50.97773384720419,51.49543170348089,127111600
2019-09-11,53.83831024169922,53.867207580398954,52.42727872846515,52.50915023491731,177158400
2019-09-12,53.71792221069336,54.51975457547197,53.662541454928665,54.129675355805944,128906800
2019-09-13,52.67288589477539,53.16409656259977,52.25631964309487,52.973873814174105,159053200
2019-09-16,52.949806213378906,53.00519064944558,52.38635757276798,52.427291498880415,84632400
2019-09-17,53.14242935180664,53.17132669215555,52.76198015904004,52.96424684480587,73274800
2019-09-18,53.640869140625,53.66013281018693,52.839036806684845,53.22911601134843,101360000
2019-09-19,53.205047607421875,53.87925777803441,53.06297848117079,53.45787458431664,88242400
2019-09-20,52.42728042602539,53.590298225244,52.3646762594586,53.30616738370734,221652400
2019-09-23,52.665672302246094,52.935356352596806,52.40802483158133,52.72105306097819,76662000
2019-09-24,52.41524124145508,53.57344590279538,52.297256322285335,53.221890377729395,124763200
2019-09-25,53.22189712524414,53.33506889719885,52.285222698801874,52.624738014666015,87613600
2019-09-26,52.947391510009766,53.200222119962206,52.69215431918571,52.97387859627467,75334000
2019-09-27,52.68974304199219,53.20503421362408,52.31892386733519,53.10389903932203,101408000
2019-09-30,53.92982864379883,54.076710941470715,53.16411322627601,53.19060031845192,103909600
2019-10-01,54.07910919189453,54.953179424877604,53.98520109304119,54.1946912167675,139223200
2019-10-02,52.72346115112305,53.83591148730577,52.475443689226,53.71069946585503,138449200
2019-10-03,53.171321868896484,53.205032367771324,51.80122431789601,52.59582945911288,114426000
2019-10-04,54.66181182861328,54.77739383312959,53.910547170101694,54.331930250207414,138478800
2019-10-07,54.673858642578125,55.364925801166926,54.38009410896721,54.483635874503506,122306000
2019-10-08,54.03335189819336,54.91464544187616,54.01649848462692,54.37527742104487,111820000
2019-10-09,54.6666374206543,54.84963677919844,54.3319389532385,54.6666374206543,74770400
2019-10-10,55.40346145629883,55.48773956475305,54.73165786660866,54.88335331798845,113013600
2019-10-11,56.87709045410156,57.2214188925984,55.93800588024177,56.09211155799021,166795600
2019-10-14,56.79521560668945,57.33940411972234,56.506267937152586,56.56164868588965,96427600
2019-10-15,56.66278839111328,57.223826687854974,56.556840046506,56.92043216170895,87360000
2019-10-16,56.43404006958008,56.64353019818746,56.15231576645595,56.19324969007197,73903200
2019-10-17,56.653160095214844,56.86264654927724,56.229370350741036,56.60740933532315,67585200
2019-10-18,56.925254821777344,57.20697912648747,56.414776715911046,56.487014565004074,97433600
2019-10-21,57.91249084472656,58.02807286828486,57.14437264703203,57.19252998642991,87247200
2019-10-22,57.78006362915039,58.319431751544194,57.698192104141526,58.06901136245704,82293600
2019-10-23,58.55539321899414,58.56984372572113,58.08344620931156,58.295342884612566,75828800
2019-10-24,58.65171432495117,58.94547884804368,58.225514373551526,58.87564758849574,69275200
2019-10-25,59.374088287353516,59.410205372219664,58.48316467701797,58.55058568488102,73477200
2019-10-28,59.96883773803711,60.01699507347286,59.407795778496116,59.57634828960584,96572800
2019-10-29,58.58189392089844,60.13740149820754,58.40852821573448,59.949585282957536,142839600
2019-10-30,58.574649810791016,59.06586410343321,58.081032611904796,58.93583527778204,124522000
2019-10-31,59.89899826049805,59.997723172806296,57.12990959991441,59.53299962206583,139162000
2019-11-01,61.59898376464844,61.62546717365194,59.99531929076373,60.08681711740279,151125200
2019-11-04,62.00352096557617,62.087799065682624,61.49304655122489,61.962583368951094,103272000
2019-11-05,61.914424896240234,62.16966208359867,61.71938529737838,61.8951575528518,79897600
2019-11-06,61.94090270996094,62.00110029301706,61.490625964435175,61.82773095988191,75864400
2019-11-07,62.65578842163086,62.877983882065635,62.336989123337645,62.48914366890488,94940400
2019-11-08,62.827266693115234,62.89971772722084,62.03268595722276,62.477069497337645,69986400
2019-11-11,63.324790954589844,63.389996893014086,62.37805556445394,62.38288317716648,81821200
2019-11-12,63.266807556152344,63.46726767679816,63.01563908819999,63.16778624131756,87388800
2019-11-13,63.873016357421875,63.94788488330166,63.051872693630486,63.06636290054914,102734400
2019-11-14,63.43103790283203,63.97202517641563,63.30061869566497,63.699114048809996,89182800
2019-11-15,64.18456268310547,64.18939029468679,63.52040125590579,63.68221100347261,100206400
2019-11-18,64.5082015991211,64.587897742297,63.815059632152085,64.1942298980991,86703200
2019-11-19,64.31257629394531,64.72556195764945,64.09521580622737,64.70140915448063,76167200
2019-11-20,63.56388854980469,64.26185818201192,62.8900643522389,64.13144630150342,106234400
2019-11-21,63.27888870239258,63.761915200189335,63.07842857838323,63.68462919164599,121395200
2019-11-22,63.22333908081055,63.561456160958905,62.996316033339596,63.41896422612494,65325200
2019-11-25,64.3318862915039,64.34879398870619,63.40205876057649,63.44794686989705,84020400
2019-11-26,63.82954025268555,64.52268211554335,63.39722946235417,64.46954890460653,105207600
2019-11-27,64.68692016601562,64.72073556516953,64.07589182337021,64.14109775979452,65235600
2019-11-29,64.54442596435547,64.72556092964365,64.21838155275661,64.3874438018525,46617600
2019-12-02,63.798152923583984,64.78594141618035,63.62668054776039,64.54925573361756,94487200
2019-12-03,62.660621643066406,62.67993946193497,61.89743881575501,62.385292973988165,114430400
2019-12-04,63.21367645263672,63.59285402856833,62.957672994206355,63.05186670062485,67181600
2019-12-05,64.14109802246094,64.21597392512254,63.4527910239609,63.70879452854286,74424400
2019-12-06,65.38005828857422,65.45009920383288,64.55649711525137,64.5999751073708,106075600
2019-12-09,64.46472930908203,65.40179466423844,63.97928524744854,65.20858698429703,128042400
2019-12-10,64.84149169921875,65.22549695147708,64.20872067904382,64.87047211517775,90420400
2019-12-11,65.39454650878906,65.47425001658583,64.84631403047881,64.92118255574232,78756800
2019-12-12,65.56119537353516,65.8268614655368,64.56133418960256,64.67242823883937,137310400
2019-12-13,66.45238494873047,66.48861047070119,65.43319849834741,65.56120025624476,133587600
2019-12-16,67.58990478515625,67.81451774298293,66.8943527115529,66.89918032393605,128186000
2019-12-17,67.72272491455078,68.05117936570748,67.33388478620337,67.51985468817774,114158400
2019-12-18,67.56092834472656,68.08259795841981,67.41119127763334,67.57541855312907,116028400
2019-12-19,67.62854766845703,67.90870396456602,67.37013405403286,67.50296341312566,98369200
2019-12-20,67.48847961425781,68.26373527194914,67.27594672320693,68.16230380965749,275978000
2019-12-23,68.58977508544922,68.65015340858781,67.71308065421263,67.75172366546943,98572000
2019-12-24,68.65498352050781,68.8047279584797,68.32894646001048,68.75642235004993,48478800
2019-12-26,70.01712799072266,70.034035692141,68.75884564815838,68.78782606750318,93121200
2019-12-27,69.99053955078125,70.99765308437338,69.58479904432102,70.30933882174277,146266000
2019-12-30,70.40596008300781,70.68853390914015,68.88442912186885,69.90844323563087,144114400
2019-12-31,70.92037963867188,70.92762474291384,69.92292852242264,70.02194986066347,100805600
2020-01-02,72.53852844238281,72.59890677347013,71.29231880429238,71.54590484669842,135480400
2020-01-03,71.8332748413086,72.59404000584014,71.60866931689996,71.76565143491464,146322800
2020-01-06,72.40567016601562,72.4443131708714,70.70300468370534,70.95418053006813,118387200
2020-01-07,72.06515502929688,72.67134838279743,71.84537704823941,72.41534488187352,108872000
2020-01-08,73.22441101074219,73.52630260685811,71.76808624589498,71.76808624589498,132079200
2020-01-09,74.7797622680664,74.97296995476395,73.95137344000949,74.20254195863613,170108400
2020-01-10,74.94880676269531,75.51395427727236,74.446462424671,75.01402005997716,140644800
2020-01-13,76.55005645751953,76.57662675415311,75.14686472001775,75.26521125345613,121532000
2020-01-14,75.51636505126953,76.6973684411486,75.39319829942681,76.48725308231118,161954400
2020-01-15,75.19273376464844,76.19742976100052,74.76042298692015,75.31590787968373,121923600
2020-01-16,76.13465118408203,76.24575261001203,75.37388575466262,75.73615570871007,108829200
2020-01-17,76.97753143310547,76.97994155406593,76.07668423312775,76.38340344954888,137816400
2020-01-21,76.45586395263672,77.04756709065205,76.31819960849738,76.6056010131108,110843200
2020-01-22,76.7287826538086,77.28184283508286,76.6345889237427,76.94130817856995,101832400
2020-01-23,77.09828186035156,77.17797799443389,76.23366024847726,76.78190007438859,104472000
2020-01-24,76.87609100341797,78.08848500678306,76.68529344990502,77.34462735281411,146537600
2020-01-27,74.61553192138672,75.29659377968004,73.63257108817264,74.88360812840847,161940000
2020-01-28,76.72634887695312,76.89782122944564,75.39802593452413,75.49704725649863,162234000
2020-01-29,78.33242797851562,79.1801420756795,77.61755062731045,78.35899827586796,216229200
2020-01-30,78.21891021728516,78.27204343737134,76.98236331753509,77.41467418230894,126743200
2020-01-31,74.75077056884766,77.9314960376563,74.45612410034879,77.50884783770134,199588400
2020-02-03,74.54550170898438,75.7120077933663,72.99015534954077,73.492499808615,173788400
2020-02-04,77.00651550292969,77.197313069489,75.74581580955447,76.15155637582674,136616400
2020-02-05,77.63445281982422,78.43386124893598,77.03066957303884,78.13437974665777,118826800
2020-02-06,78.54252624511719,78.54494373627665,77.34704001476739,77.90493506301061,105425600
2020-02-07,77.47493743896484,78.29076771071938,76.9835021703116,78.04141892687844,117684000
2020-02-10,77.84290313720703,77.84290313720703,75.97884171109904,76.05872699723375,109348800
2020-02-11,77.37325286865234,78.41180589004748,77.15537652396827,78.33918290445037,94323200
2020-02-12,79.210693359375,79.215532428976,77.82353527181141,77.82353527181141,113730400
2020-02-13,78.6466293334961,78.97344754144679,78.27866056338509,78.48201230906955,94747600
2020-02-14,78.6659927368164,78.91534147799902,78.15760972810558,78.61514926442095,80113600
2020-02-18,77.22557830810547,77.40714314738784,76.16281523598434,76.34438007526671,152531200
2020-02-19,78.34400177001953,78.57398681158733,77.46765015965101,77.46765015965101,93984000
2020-02-20,77.54031372070312,78.59339161895018,77.03435375226283,78.1043794809487,100566000
2020-02-21,75.78515625,77.57660179653178,75.16783878997336,77.13357947900434,129554000
2020-02-24,72.18534088134766,73.63785968182607,70.01867143670297,71.96262546916086,222195200
2020-02-25,69.740234375,73.2383851838455,69.26817041225296,72.85589199099915,230673600
2020-02-26,70.84658813476562,72.11270274954929,69.35775815457548,69.36502045153675,198054800
2020-02-27,66.21549224853516,69.23673421957639,66.07992440892687,68.0505119290574,320605600
2020-02-28,66.17675018310547,67.39929122080478,62.06370365251087,62.27916414492055,426510000
2020-03-02,72.33783721923828,72.97452563881295,67.23223588558308,68.33614928810904,341397200
2020-03-03,70.04043579101562,73.59426220602887,69.18828697406445,73.51437694838485,319475600
2020-03-04,73.28926086425781,73.44903883256075,70.962813265488,71.76411894811032,219178400
2020-03-05,70.9119644165039,72.51699133415363,70.54641152199336,71.54138326049582,187572800
2020-03-06,69.97024536132812,70.40358216932741,68.08197403311165,68.26837793734198,226176800
2020-03-09,64.4361572265625,67.32182373363995,63.668739886760385,63.8503047343462,286744800
2020-03-10,69.07695007324219,69.34324665860709,65.21082898559138,67.09184552066098,285290000
2020-03-11,66.67788696289062,68.07956995144926,65.8136363324186,67.15238185093062,255598800
2020-03-12,60.09311294555664,65.36333551368728,60.037434101460896,61.95960092945028,418474000
2020-03-13,67.29277801513672,67.76484959839499,61.23577335258076,64.12629016039305,370732000
2020-03-16,58.63575744628906,62.71975075656297,58.10074479595678,58.572812608634756,322423600
2020-03-17,61.21398162841797,62.363888604538765,57.71340983694092,59.9188176066588,324056000
2020-03-18,59.71546936035156,60.521617752082875,57.403542823432716,58.04507418797264,300233600
2020-03-19,59.25791549682617,61.209131513713295,58.73258839181393,59.88976122109357,271857200
2020-03-20,55.495906829833984,60.96463960776638,55.195718260351654,59.838935242667574,401693200
2020-03-23,54.31692886352539,55.31674696000738,51.46999389466009,55.215071106899224,336752800
2020-03-24,59.76629638671875,59.96238579534628,56.720848788250144,57.219546221042535,287531200
2020-03-25,59.43706512451172,62.51882454095762,59.14171936553053,60.703176199981115,303602000
2020-03-26,62.564823150634766,62.62292153490078,59.640418371654654,59.679153090462734,252087200
2020-03-27,59.97449493408203,61.942655145225594,59.80745470235101,61.18734664760273,204216800
2020-03-30,61.6860466003418,61.85792960202071,60.376358043352745,60.700756687792804,167976400
2020-03-31,61.5601692199707,63.545277612218875,61.00579280749305,61.87730561089299,197002000
2020-04-01,58.321048736572266,60.21174335831203,57.890135142365466,59.67431113291772,176218400
2020-04-02,59.294227600097656,59.347486910279144,57.35027386031046,58.18305177157115,165934000
2020-04-03,58.44209671020508,59.48064606073332,57.851405121245946,58.77859676208636,129880000
2020-04-06,63.540428161621094,63.69535964141811,60.37151755059765,60.73948627952092,201820400
2020-04-07,62.80448532104492,65.7748907610296,62.700389921682174,65.55700704789928,202887200
2020-04-08,64.41194152832031,64.72665094840988,63.240244033180964,63.6057895375852,168895200
2020-04-09,64.87675476074219,65.38029878683781,64.080295544256,65.04864148440106,161834800
2020-04-13,66.1501235961914,66.25906545571533,64.35383885573385,64.95421592166439,131022800
2020-04-14,69.49091339111328,69.78142008992293,67.31213531371759,67.78420685231022,194994800
2020-04-15,68.85662841796875,69.31659106992353,67.93670311405917,68.36519335403614,131154400
2020-04-16,69.40374755859375,69.76930037066249,68.35309351528876,69.57078775828805,157125200
2020-04-17,68.4620361328125,69.46670067896375,67.02404221723192,68.91958300953867,215250000
2020-04-20,67.04100799560547,68.19091879039594,67.02164432762936,67.28794093663315,130015200
2020-04-21,64.96874237060547,67.11847132681476,64.25700758407963,66.8836471640781,180991600
2020-04-22,66.8400650024414,67.2758176226008,65.89592940016834,66.23726476615465,116862400
2020-04-23,66.58103942871094,68.20786075083029,66.54230470819708,66.7843911704893,124814400
2020-04-24,68.50321197509766,68.51289750296907,67.05795538482593,67.10637563628991,126161200
2020-04-27,68.5516128540039,68.88327005791642,67.77209430824026,68.21994826220036,117087600
2020-04-28,67.44044494628906,69.19557183776718,67.3484582943587,69.01400698692461,112004800
2020-04-29,69.6555404663086,70.12518879426327,68.72592933750241,68.92928107931384,137280800
2020-04-30,71.12499237060547,71.30171812959233,69.80562571918327,70.19538133730589,183064000
2020-05-01,69.97992706298828,72.38384357310822,69.20040845206991,69.29724154783354,240616800
2020-05-04,70.97007751464844,71.09838306103778,69.31420678113763,70.00415476707384,133568000
2020-05-05,72.03524017333984,72.86801811424831,71.2847707351164,71.43002407604543,147751200
2020-05-06,72.7784423828125,73.41028439938938,72.3523679150605,72.73728444031273,142333600
2020-05-07,73.5313491821289,73.8775384826827,73.102858748214,73.40546686513248,115215200
2020-05-08,75.28152465820312,75.33492815693087,73.86391326493965,74.19161621586483,133838400
2020-05-11,76.4660873413086,76.96127521844708,74.57997904728234,74.78874082159405,145946400
2020-05-12,75.59223175048828,77.60213374226082,75.47086083937184,77.15063010080355,162301200
2020-05-13,74.67951965332031,76.69428120977256,73.60174537683079,75.77185784641975,200622400
2020-05-14,75.13829040527344,75.19897584845612,73.19392643517533,73.91729958475361,158929200
2020-05-15,74.69407653808594,74.74019807230623,72.87351305431154,72.90750046179672,166348400
2020-05-18,76.4539566040039,76.82778105681554,75.32763848421635,76.01945410801251,135178400
2020-05-19,76.01216125488281,77.31810575212776,75.98060363958615,76.47093934712166,101729600
2020-05-20,77.49044799804688,77.56083776866723,76.83261255175897,76.87145211894088,111504800
2020-05-21,76.91273498535156,77.89341385727374,76.67484537253091,77.35209701743804,102688800
2020-05-22,77.4079360961914,77.49046741917871,76.54862805066547,76.65057545816492,81803200
2020-05-26,76.88362121582031,78.7066072917133,76.82778792899896,78.52698071099894,125522000
2020-05-27,77.21858978271484,77.3642363430493,76.00002862396322,76.7403955523751,112945200
2020-05-28,77.25257873535156,78.51240928442117,76.6165963973256,76.8933182003932,133560800
2020-05-29,77.17731475830078,77.95651372350704,76.82048407944905,77.49530586711329,153532400
2020-06-01,78.1264419555664,78.24781284336196,77.00011656103608,77.13119919406478,80791200
2020-06-02,78.48812866210938,78.51240432243173,77.41763649054919,77.8594283215851,87642800
2020-06-03,78.92019653320312,79.18236177148373,78.2356630206697,78.80853740247117,104491200
2020-06-04,78.24053192138672,79.04157682827717,77.86670750782196,78.74300918140095,87560400
2020-06-05,80.4688949584961,80.52958039964126,78.46142323225453,78.49055105874169,137250400
2020-06-08,80.94467163085938,80.97865903574063,79.45424095843477,80.16547259371143,95654400
2020-06-09,83.50074768066406,83.89398820325025,80.59270571799298,80.62426333660154,147712400
2020-06-10,85.6490249633789,86.11751490948136,84.01051763852004,84.44987975077672,166651600
2020-06-11,81.5369644165039,85.21693078033901,81.43501701482725,84.79213265493966,201662400
2020-06-12,82.24090576171875,84.42558161332404,81.12915175448484,83.67794024802434,200146000
2020-06-15,83.25800323486328,83.91097923516973,80.7310603407497,80.89370059767263,138808800
2020-06-16,85.46453094482422,85.73640798746258,83.67795482626669,85.3140322118676,165428800
2020-06-17,85.34558868408203,86.27043435065384,85.22421778392413,86.2097489005749,114406400
2020-06-18,85.37958526611328,85.79710150383502,84.77030091132649,85.3019061037714,96820400
2020-06-19,84.89166259765625,86.55201562081369,83.78233079369242,86.0859555132038,264476000
2020-06-22,87.11274719238281,87.25596396315328,85.23878022993338,85.28490176382967,135445200
2020-06-23,88.97213745117188,90.39217823600704,87.93805517776225,88.35800109154899,212155600
2020-06-24,87.40159606933594,89.52073426597426,87.0277716909011,88.60074093656063,192623200
2020-06-25,88.56192016601562,88.6007597441656,86.79718989219901,87.5569729349939,137522400
2020-06-26,85.84078979492188,88.67844222378581,85.69271343468253,88.45754628171883,205256800
2020-06-29,87.81912994384766,87.91380280361521,85.27034099055639,85.74854264287053,130646000
2020-06-30,88.55220031738281,88.83864125404429,87.38704271105858,87.40645879441105,140223200
2020-07-01,88.38470458984375,89.1736153626138,88.33616067933104,88.62987615436822,110737200
2020-07-02,88.38470458984375,89.92854613881406,88.27062306658787,89.29256387033587,114041600
2020-07-06,90.7490005493164,91.21749032739643,89.78288576186722,89.81444337317966,118655600
2020-07-07,90.4674301147461,91.90688702119085,90.3557709756679,91.12768802006694,112424400
2020-07-08,92.57442474365234,92.60598235802769,91.35828614347145,91.4456770300409,117092000
2020-07-09,92.9725341796875,93.52112558076603,91.92388788228862,93.46772209132743,125642800
2020-07-10,93.13516235351562,93.19342541681863,91.9554408840775,92.56714748957603,90257200
2020-07-13,92.70551300048828,97.0530191182004,92.49189905133328,94.44111522553601,191649200
2020-07-14,94.23963928222656,94.43139994531549,91.15196369614016,92.08651357687286,170989200
2020-07-15,94.88777160644531,96.3660683335281,93.68862647798679,96.11604456670572,153198000
2020-07-16,93.72016906738281,94.57704721895716,93.12059659931413,93.7590086395202,110577600
2020-07-17,93.53083801269531,94.32703078332698,93.05748856156698,94.17167989066034,92186800
2020-07-20,95.50189971923828,95.64026431606665,93.2735318869254,93.61822848479565,90318000
2020-07-21,94.1838150024414,96.36849112363207,93.93379125377636,96.29324176097793,103433200
2020-07-22,94.44840240478516,95.13050624366167,93.79785618394567,93.88523967276372,89001600
2020-07-23,90.1494369506836,94.25905321228731,89.33868035280699,94.18137407038651,197004400
2020-07-24,89.92613220214844,90.27082884463798,86.55687456880528,88.34588799765626,185438800
2020-07-27,92.05740356445312,92.1496466394303,90.76602273844958,90.98934105986477,121214000
2020-07-28,90.54513549804688,91.80496623177865,90.5402759202281,91.62776202293269,103625600
2020-07-29,92.28070831298828,92.46519442099822,90.9917501608235,91.02815994322266,90329200
2020-07-30,93.39732360839844,93.50170078916014,91.04515531955397,91.45295970570953,158130000
2020-07-31,103.17495727539062,103.32545597772634,97.89774650192103,99.89794359381725,374336800
2020-08-03,105.77473449707031,108.39634285363456,104.76007559751676,105.05864325676774,308151200
2020-08-04,106.48109436035156,107.5734322088477,105.24068019584529,105.96405326013429,173071600
2020-08-05,106.8670654296875,107.18748634754088,105.73588787997431,106.20195534302388,121776800
2020-08-06,110.5955810546875,111.09077637005811,106.60976509533027,107.19962585470167,202428800
2020-08-07,108.08110809326172,110.57369742283494,107.2834798046482,110.11651887547455,198045600
2020-08-10,109.65204620361328,110.67096868829299,106.99895752533313,109.52802230986417,212403600
2020-08-11,106.39099884033203,109.41371732342775,106.13079507349751,108.91520246878905,187902400
2020-08-12,109.92684173583984,110.18461136167227,107.2883431931704,107.48288378658236,165598000
2020-08-13,111.87226867675781,112.87660092461535,110.81929757369635,111.30809060988061,210082000
2020-08-14,111.77257537841797,111.86255059040622,109.96088544926977,111.6971903401982,165565200
2020-08-17,111.48076629638672,112.92039207121137,110.85336650862027,112.89607263916643,119561600
2020-08-18,112.40970611572266,112.83527017348905,110.89712956784018,111.2327184122214,105633600
2020-08-19,112.55072021484375,113.96602612630332,112.45588410639353,112.81821904331923,145538000
2020-08-20,115.04820251464844,115.16249715621257,112.5750641732495,112.59208851632775,126907200
2020-08-21,120.9769058227539,121.46083051491364,115.99658841174927,116.008744414782,338054800
2020-08-24,122.42384338378906,125.27148042738582,120.55622676537673,125.18635870420123,345937600
2020-08-25,121.41949462890625,121.76481270817138,119.6953532443396,121.29547815768062,211495600
2020-08-26,123.07068634033203,123.52786489142996,121.66997034058484,122.73753168290901,163022400
2020-08-27,121.59945678710938,124.00693190797273,120.45407621046918,123.67377724193759,155552400
2020-08-28,121.4024887084961,122.99287708889368,121.17876033216808,122.57460810630094,187630000
2020-08-31,125.51951599121094,127.42604967738845,122.56245999504539,124.09935611576553,225702700
2020-09-01,130.51925659179688,131.12235167130845,126.96884284952722,129.13799921000313,151948100
2020-09-02,127.81513977050781,134.21562601702166,123.53518649051318,133.8362665892153,200119000
2020-09-03,117.5821304321289,125.32496358779086,117.21250032267771,123.44762527133629,257599600
2020-09-04,117.65994262695312,120.32518728542867,107.86467480854796,116.79422439020836,332607200
2020-09-08,109.74203491210938,115.7437026686739,109.6058549976613,110.84120348479703,231366600
2020-09-09,114.11924743652344,115.88959346489294,112.11545122343698,114.06088674565609,176940500
2020-09-10,110.39375305175781,117.21250764939418,109.43076440296137,117.0763277362815,182274400
2020-09-11,108.94438934326172,112.08627097984936,106.9989538192749,111.44427369473487,180860300
2020-09-14,112.21273803710938,112.76718694572703,109.72258257682635,111.59019917203862,140150100
2020-09-15,112.38780212402344,115.58804419561972,110.51045669665075,115.10168535351536,184642000
2020-09-16,109.07083129882812,112.83525140975061,108.98329026941566,112.08626205798284,154679000
2020-09-17,107.32968139648438,109.13893714718215,105.74415401119464,106.72660109375049,178011000
2020-09-18,103.92516326904297,107.85494396114845,103.19562493954624,107.38804358616923,287104900
2020-09-21,107.07677459716797,107.18377414626174,100.28720125318382,101.68791722586771,195713800
2020-09-22,108.75957489013672,109.78093154907663,106.18187865602258,109.60584204815116,183055400
2020-09-23,104.19752502441406,109.05138437794632,103.85706788480732,108.57475477224305,150718700
2020-09-24,105.26750946044922,107.242125181147,102.1353573153781,102.30071754136085,167743300
2020-09-25,109.21675109863281,109.37238950555708,104.7325215412831,105.471789131678,149981400
2020-09-28,111.82363891601562,112.17381792247089,109.70311378636897,111.87227777517529,137672400
2020-09-29,110.97737121582031,112.16408812965686,110.4715612207209,111.4248279384537,99382200
2020-09-30,112.65043640136719,114.06088154339487,110.52018964814512,110.68554987889233,142675200
2020-10-01,113.60371398925781,114.50834184995564,112.66990578164197,114.430522644009,116120400
2020-10-02,109.93656921386719,112.2224621206602,109.1583993790266,109.81011856378328,144712000
2020-10-05,113.32162475585938,113.46753391146844,110.4521101876222,110.80228919258478,106243800
2020-10-06,110.07274627685547,112.95198998188178,109.18756954507073,112.5434428788478,161498200
2020-10-07,111.94037628173828,112.3975548762922,111.01628983580524,111.49292694400957,96849000
2020-10-08,111.8333511352539,113.22433769308867,111.46371367294667,113.07842855908564,83477200
2020-10-09,113.77879333496094,113.80797367927401,111.78471903276535,112.13489800701674,100506900
2020-10-12,121.00608825683594,121.76480690611335,116.02577075981998,116.78448940909738,240226800
2020-10-13,117.796142578125,121.96910348541796,116.38570451532449,121.85237465945383,262330500
2020-10-14,117.8836669921875,119.67346409750246,116.35650041512618,117.69884824411241,150712000
2020-10-15,117.416748046875,117.89337762313299,114.92659320785734,115.48104197814634,112559200
2020-10-16,115.77288055419922,118.23386306147651,115.56861068687554,117.97122507402565,115393800
2020-10-19,112.81581115722656,117.1346730450766,112.50454176511802,116.68722375774855,120639300
2020-10-20,114.3040771484375,115.73397358180452,112.4753628325675,113.02981171272529,124423700
2020-10-21,113.6815185546875,115.47131553347286,113.2729714867065,113.48697056487583,89946000
2020-10-22,112.59207916259766,114.81960369273567,111.46372301440654,114.24569636322538,101988000
2020-10-23,111.90144348144531,113.37024926516857,111.16217596217939,113.21461087321912,82572600
2020-10-26,111.91117095947266,113.370247465222,109.800367974341,110.8995436916035,111850700
2020-10-27,113.41890716552734,114.08035564318217,111.41511063965335,112.33918968845478,92276800
2020-10-28,108.16622161865234,112.28082137684017,108.06895131820131,111.91119126662696,143937800
2020-10-29,112.1738052368164,113.73988133267714,109.13892333116605,109.30429098085882,146129200
2020-10-30,105.89005279541016,108.93465662193633,104.78115517571706,108.03002883521329,190272600
2020-11-02,105.80249786376953,107.66039217853414,104.39206020859244,106.1332257311281,122866900
2020-11-03,107.42694854736328,108.44829771179337,105.76360211850799,106.66822990485883,107624400
2020-11-04,111.81391143798828,112.43645025464208,109.2848465676762,111.02601237155882,138235500
2020-11-05,115.78260803222656,116.35651544029349,113.68154127114309,114.7320709410606,126387100
2020-11-06,115.65105438232422,116.14799095011887,113.1565957663913,115.29052521485966,114457900
2020-11-09,113.34172821044922,118.86655105350619,113.07864459442057,117.41470327709126,154515300
2020-11-10,113.00070190429688,114.57921861893705,111.20780945261693,112.59145738080137,138023400
2020-11-11,116.43058013916016,116.5669949893343,113.45867669287837,114.18947371911923,112295000
2020-11-12,116.15775299072266,117.44395548780155,115.53414010935421,116.5572589421894,103162300
2020-11-13,116.20646667480469,116.60596516096147,114.85205685711352,116.38185824859463,81581900
2020-11-16,117.21983337402344,117.89216151069154,115.12488063733073,115.87516223258528,91183000
2020-11-17,116.33313751220703,117.5803631991879,115.91414693604456,116.48904444010537,74271000
2020-11-18,115.00796508789062,116.75213491699658,114.9787343957129,115.57311658349965,76322100
2020-11-19,115.60232543945312,116.01156992074252,113.81917921291296,114.57920680217912,74113000
2020-11-20,114.33561706542969,115.72900356959502,114.28690172841969,115.60233477250766,73604300
2020-11-23,110.93500518798828,114.60848300203725,110.83756705540951,114.17974629782707,127959300
2020-11-24,112.22118377685547,112.88377334383199,109.70724035208704,110.99345018861624,113874200
2020-11-25,113.05915832519531,113.760724582734,112.22117723247423,112.59145244287018,76499200
2020-11-27,113.60482788085938,114.4817857816356,113.24430611291088,113.58534323153174,46691300
2020-11-30,116.0018310546875,117.8726693370055,113.81917895793265,113.97508586515107,169410200
2020-12-01,119.577880859375,120.30867787495882,116.93726853515172,117.91166455593012,127728200
2020-12-02,119.92866516113281,120.21124090192977,117.79473547645512,118.89580031413836,89004200
2020-12-03,119.792236328125,120.61072532946784,119.08092403824773,120.35738030969706,78967600
2020-12-04,119.11991119384766,119.71429334953903,118.40859884170744,119.46094830759233,78260400
2020-12-07,120.58150482177734,121.38050924323434,119.11991082393762,119.17837220495473,86712000
2020-12-08,121.19537353515625,121.78001709074977,119.93840178511279,121.18563492753421,82225500
2020-12-09,118.66193389892578,122.72516309946796,117.90190627108922,121.34152267781417,115089200
2020-12-10,120.08455657958984,120.69843079499793,117.07367661772612,117.41471371847992,81312200
2020-12-11,119.27581024169922,119.61684733291102,117.46343320377245,119.29529488946088,86939800
2020-12-14,118.66193389892578,120.19173519532912,118.42808095975704,119.46093825563229,79184500
2020-12-15,124.60575866699219,124.62525075019607,120.95177364167792,121.15639591100933,157243700
2020-12-16,124.53754425048828,125.0832036047306,123.31954931044656,124.14779181691584,98208600
2020-12-17,125.4047622680664,126.2622355061444,124.76165733950789,125.59963849451057,94359800
2020-12-18,123.41700744628906,125.79453619074846,122.89083268641434,125.65812133826819,192541500
2020-12-21,124.9468002319336,125.02475369942195,120.28918834325576,121.81898983096859,121251600
2020-12-22,128.50335693359375,130.9685777717825,126.33044301842824,128.24026583476893,168904800
2020-12-23,127.60688781738281,129.03923604675438,127.43148883192659,128.77615987072127,88223700
2020-12-24,128.59103393554688,130.04288924480903,127.74331422195132,127.95768251910687,54930100
2020-12-28,133.190185546875,133.82353697075987,130.09159867672324,130.55931944043445,124486200
2020-12-29,131.416748046875,135.23637754463604,130.90031949667383,134.51533421618103,121047300
2020-12-30,130.29623413085938,132.50811721089653,129.9844202745973,132.10861128309938,96452100
2020-12-31,129.29258728027344,131.29010173967114,128.34742211950626,130.64699691249126,99116600
2021-01-04,126.09654235839844,130.18900104089695,123.51439244570471,130.10130900232355,143301900
2021-01-05,127.65559387207031,128.3669135415631,125.14165081624391,125.58987944540236,97664900
2021-01-06,123.35853576660156,127.69460255545032,123.14416745080455,124.44986199518105,155088000
2021-01-07,127.56790924072266,128.25973687058584,124.58626017036609,125.0734581195904,109578200
2021-01-08,128.66900634765625,129.2341578626651,126.89559833144519,129.03926675065185,105158200
2021-01-11,125.67759704589844,126.83713071211609,125.20989110987996,125.88222675621482,100384500
2021-01-12,125.50220489501953,126.36941672040446,123.6118743194809,125.2098831281038,91951100
2021-01-13,127.53868865966797,128.08434802714223,125.20014426532036,125.46322047371517,88636800
2021-01-14,125.609375,127.64585879719884,125.46320669883724,127.45098259708287,90221800
2021-01-15,123.88471984863281,126.88586162781512,123.74830498903837,125.48272886164109,111598500
2021-01-19,124.55703735351562,125.4145105561259,123.68982554382202,124.50831458189415,90757300
2021-01-20,128.64952087402344,129.09774963934194,125.25862647781936,125.36581064769301,104319500
2021-01-21,133.36557006835938,136.0938817254987,130.1695525142569,130.3741822074859,120150900
2021-01-22,135.50927734375,136.26930513798973,131.5629700317484,132.79070380672675,114459400
2021-01-25,139.2606964111328,141.3751342790999,133.04404419681762,139.406864754955,157611700
2021-01-26,139.49452209472656,140.60533283780688,137.7503450890547,139.92325867417892,98390600
2021-01-27,138.42269897460938,140.605351455325,136.8149514568833,139.75761679075893,140843800
2021-01-28,133.5799560546875,138.35450580385896,133.19994217532178,135.947746278508,142621100
2021-01-29,128.5812530517578,133.2388629438258,126.8760607101987,132.3521593578717,177523800
2021-02-01,130.7054901123047,131.9137466089755,127.57767214071629,130.32547623427098,106239800
2021-02-02,131.53369140625,132.81988610161744,131.16341625287015,132.2547347662849,83305400
2021-02-03,130.51058959960938,132.2937358859012,130.189037167514,132.28398241128824,89880900
2021-02-04,133.87225341796875,133.88199202454763,131.1439418976162,132.81016544490666,84183100
2021-02-05,133.45753479003906,134.10160078327885,132.57927381040088,134.0332988756867,75693800
2021-02-08,133.60386657714844,133.6526621426791,131.6619162354287,132.74511227281954,71297200
2021-02-09,132.7256317138672,134.5504851694013,132.56950670280034,133.3209020588762,76774200
2021-02-10,132.12059020996094,133.68195923048688,131.15449145334966,133.18426522390598,73046600
2021-02-11,131.86688232421875,133.09645045385943,130.53972304081887,132.61827762495054,64280000
2021-02-12,132.10108947753906,132.25722938185646,130.4616651531689,131.10573109073752,60145100
2021-02-16,129.97369384765625,132.72558797369038,129.5833442228288,132.2181557968882,80576300
2021-02-17,127.68051147460938,129.02719241473972,126.34359858729557,128.08061449165163,97918500
2021-02-18,126.57778930664062,126.86077987924489,124.33332637686648,126.08009517884663,96856700
2021-02-19,126.73388671875,127.55361366522426,125.68973288562044,127.094962062069,87668800
2021-02-22,122.95734405517578,126.58751445183981,122.56700179136556,124.91880108792212,103916400
2021-02-23,122.82074737548828,123.65022018140999,115.5311309097856,120.77145942992851,158273000
2021-02-24,122.32305145263672,122.52797948716125,119.27839785951765,121.92295598861077,111039900
2021-02-25,118.06832885742188,123.40624037390658,117.62919844492515,121.66922504247013,148199500
2021-02-26,118.3318099975586,121.83511493787971,118.27325381762451,119.62968743773787,164560400
2021-03-01,124.70411682128906,124.84073549345864,119.82485725763502,120.76167420043748,116307900
2021-03-02,122.09862518310547,125.61169147708357,121.99128084967838,125.30917968933146,102260900
2021-03-03,119.11249542236328,122.67435679168018,118.89780678629857,121.79608848285189,112966300
2021-03-04,117.2291030883789,120.61531086428089,115.75557186593713,118.80998607618001,178155000
2021-03-05,118.48796081542969,118.99540807937608,114.73093169979428,118.05859095189125,153766600
2021-03-08,113.55012512207031,118.0780772404724,113.40374585133544,118.00976790681733,154376600
2021-03-09,118.1659164428711,119.1124940848032,115.92146128458052,116.15566368258474,129525800
2021-03-10,117.08273315429688,119.21984409787017,116.5655253098007,118.75143927948164,111943300
2021-03-11,119.0149154663086,120.23473053231106,118.33182200741135,119.58091144377221,103026500
2021-03-12,118.10736083984375,118.24397951783547,116.28252245017181,117.49257678888105,88105100
2021-03-15,120.9958724975586,121.00563310100158,117.51208158431191,118.47818030587472,92403800
2021-03-16,122.5377426147461,124.1478999993401,121.7082698545493,122.6646007020175,115227900
2021-03-17,121.74729919433594,122.82073491932013,119.38573166517871,121.05444515870833,111932600
2021-03-18,117.61943817138672,120.20544741210641,117.41451014863442,119.91268883951182,121229700
2021-03-19,117.09248352050781,118.49771283246503,116.78997177230154,117.00466041109058,185549500
2021-03-22,120.41038513183594,120.87879739667785,117.3559708631763,117.42428020959487,111912300
2021-03-23,119.58090209960938,121.23984748167706,119.19055981995824,120.35182605450146,95467100
2021-03-24,117.19007110595703,119.9322204758505,117.17055734049535,119.8541505236829,88530500
2021-03-25,117.6780014038086,118.72217030027896,116.12640013534126,116.65336116382848,98844700
2021-03-26,118.28302764892578,118.54651187519468,116.04832553149886,117.44379427923147,94071200
2021-03-29,118.45867156982422,119.61993781154605,117.81461313280423,118.71239516993987,80819200
2021-03-30,117.0046615600586,117.49258758203952,115.98977454091903,117.20958959587135,85671900
2021-03-31,119.20033264160156,120.53724522159463,118.2244805650353,118.71240660331843,118323800
2021-04-01,120.02977752685547,121.18128300743977,119.53209099880698,120.67384332140747,75089100
2021-04-05,122.85977172851562,123.11349534026344,120.09810870436394,120.87879330428332,88651200
2021-04-06,123.16229248046875,124.06007462441202,122.61581768766165,123.44529048250403,80171300
2021-04-07,124.81147003173828,124.830983795515,122.11811647580448,122.79145672607788,83466700
2021-04-08,127.21208190917969,127.24135628131242,125.41651759687218,125.83612685765557,88844600
2021-04-09,129.78831481933594,129.82734234724018,126.34355848189794,126.66559142580684,106686700
2021-04-12,128.07083129882812,129.64195373047176,127.4755609392533,129.31992075985053,91420000
2021-04-13,131.18377685546875,131.4082335358879,128.7441468621112,129.2418409105608,91266500
2021-04-14,128.84173583984375,131.7400174141813,128.48067537183306,131.68146867778168,87222800
2021-04-15,131.25209045410156,131.7400164409198,130.41285716116144,130.5885182593821,89347100
2021-04-16,130.92027282714844,131.41795185333174,130.06151853226038,131.05689147494283,84922400
2021-04-19,131.5838623046875,132.1986537464163,130.12008450271816,130.28597753343655,94264200
2021-04-20,129.89566040039062,132.25722045509355,128.6270498214987,131.75954129528387,94812300
2021-04-21,130.27621459960938,130.52017754829777,128.12934362921473,129.1637441492029,68847100
2021-04-22,128.75390625,130.91053068046259,128.2367059174283,129.82733444067082,84566500
2021-04-23,131.07647705078125,131.85714691281353,128.9686326865185,128.9686326865185,78657500
2021-04-26,131.46682739257812,131.79861361186676,130.3348351134847,131.57417174473915,66905100
2021-04-27,131.144775390625,132.14014879502187,130.87153796829216,131.74979898431587,66015800
2021-04-28,130.3543243408203,131.75955373687952,129.8663982944287,131.06669219926212,107760100
2021-04-29,130.2567596435547,133.76008068516452,129.25163297497218,133.17456335438914,151101000
2021-04-30,128.28549194335938,130.33477191318826,127.9049103139399,128.59775679529238,109839500
2021-05-03,129.33941650390625,130.83248375117557,128.64656992797262,128.85149050777056,75135100
2021-05-04,124.7626724243164,128.3147804318186,123.64044117384255,128.0220218638134,137564700
2021-05-05,125.00666809082031,127.29991174067474,124.87980254467197,126.08009653639398,84000900
2021-05-06,126.6070327758789,126.61678593451141,124.06005123769593,124.80170077752533,78128300
2021-05-07,127.28152465820312,128.307897749906,126.56793194976201,127.90713017156261,78973300
2021-05-10,123.99708557128906,126.62658120316634,123.95798429414883,126.49951510362119,88071200
2021-05-11,123.07823944091797,123.43013604181222,120.0088523827375,120.72243768449367,126142800
2021-05-12,120.00885009765625,121.83679573122357,119.50054838799285,120.62468591755979,112172300
2021-05-13,122.15938568115234,123.3128473997713,121.46535470454872,121.77815750326876,105861300
2021-05-14,124.5835952758789,125.0137018854759,123.01958141071674,123.41058674145887,81918000
2021-05-17,123.43013763427734,124.07529756948797,122.35487853339957,123.96777091361953,74244600
2021-05-18,122.04206085205078,124.13393060717105,121.97363548465174,123.71360121948956,63342900
2021-05-19,121.88565826416016,122.110481266006,120.09681414325692,120.39006996753153,92612000
2021-05-20,124.44674682617188,124.84752934847808,122.28645146975369,122.41353249282957,76857100
2021-05-21,122.6090087890625,125.12120773990304,122.39395552001072,124.9452557432066,79295400
2021-05-24,124.24146270751953,125.06257461018313,123.10755550398203,123.17598087438682,63092900
2021-05-25,124.04595947265625,125.4340286577924,123.47900216167147,124.94526644040783,72009500
2021-05-26,123.99708557128906,124.52494162597304,123.57675616428918,124.10461221897317,56575900
2021-05-27,122.46239471435547,124.76931783925218,122.26689578830224,123.5963093673209,94625600
2021-05-28,121.8074722290039,122.9707110430963,121.74882403932074,122.74588055296678,71311100
2021-06-01,121.48489379882812,122.53082878890919,121.15254410936616,122.26690447420742,67637100
2021-06-02,122.24732971191406,122.42328171163132,121.26005053476115,121.48487353240775,59278900
2021-06-03,120.76153564453125,122.04207082094376,120.36075313288092,121.87589598051592,76229200
2021-06-04,123.05867767333984,123.32260943039987,121.06455727986688,121.27961057589917,75169300
2021-06-07,123.06846618652344,123.47901844884905,122.02253116137574,123.33239051007368,71057600
2021-06-08,123.8895492553711,125.57087420996747,123.37147042485411,123.75269852496304,74403800
2021-06-09,124.27079010009766,124.87684872392028,123.6745086602513,124.34899265629532,56877900
2021-06-10,123.27372741699219,125.30694902913476,123.10755258677628,124.1632572111759,71186400
2021-06-11,124.48583221435547,124.5738119466235,123.2639453503398,123.68427472987341,53522400
2021-06-14,127.54539489746094,127.6040430623467,124.21209243859525,124.94522433088045,96906500
2021-06-15,126.72432708740234,127.66274274142094,126.4799497199154,127.01758291150882,62746300
2021-06-16,127.22285461425781,127.94621700907624,125.57087609933701,127.43790789607921,91815000
2021-06-17,128.82598876953125,129.56890564121335,126.73411873855628,126.8807541337841,96721700
2021-06-18,127.52586364746094,128.55223643012766,127.31081041865654,127.77024096059255,108953300
2021-06-21,129.32455444335938,129.43208112207495,126.30405262619024,127.36953476897939,79663300
2021-06-22,130.9667205810547,131.0644774987528,128.65979753012715,129.15833692853147,74783600
2021-06-23,130.6930389404297,131.29910507401638,130.2336082056393,130.76147177632404,60214200
2021-06-24,130.40953063964844,131.6118630068928,129.9403153955842,131.42613383723523,68711000
2021-06-25,130.1162872314453,130.87874343114333,129.82303140488202,130.45842151503766,70783700
2021-06-28,131.748779296875,132.20821012976197,130.3509473400269,130.40959554582233,62111300
2021-06-29,133.26390075683594,133.42030589042128,131.32843570446462,131.76831209151067,64556100
2021-06-30,133.87969970703125,134.31957597270352,132.81420307964328,133.1074588952949,63261400
2021-07-01,134.1827392578125,134.24138744394435,132.70669030063868,133.52780965332033,52485800
2021-07-02,136.81222534179688,136.8513191558301,134.65192295511142,134.7985434022486,78852600
2021-07-06,138.8258819580078,139.93045738005537,136.91974171007627,136.91974171007627,108181800
2021-07-07,141.3185577392578,141.63135302793145,139.45151098591106,140.3117092164722,104911600
2021-07-08,140.0184783935547,140.82002849752848,137.50627159938102,138.39580890191343,105575500
2021-07-09,141.84642028808594,142.37426891530228,139.44174008149082,139.53949700886304,99890800
2021-07-12,141.2501220703125,143.02919651124512,140.76136732266437,142.92166987013806,76299700
2021-07-13,142.36448669433594,144.1435611902038,140.3996979177406,140.79069576168808,100827100
2021-07-14,145.7955322265625,146.20609933179037,144.35859210509756,144.76915921032545,127050800
2021-07-15,145.14060974121094,146.626428391954,143.7818721014033,145.88352652438826,106820300
2021-07-16,143.09764099121094,146.3918438290554,142.59911642566018,145.12109318169695,93251400
2021-07-19,139.2462615966797,140.82983754217113,138.4838051811381,140.5170272611207,121434600
2021-07-20,142.86302185058594,143.79166790162552,139.74477876057173,140.23353355980825,96350000
2021-07-21,142.12989807128906,142.8434908596877,141.3772263751189,142.25697909961474,74993500
2021-07-22,143.49844360351562,144.86695137615578,142.53070351853833,142.65778456728924,77338200
2021-07-23,145.2188262939453,145.37523141238975,143.6157111189225,144.2315469505393,71447400
2021-07-26,145.63916015625,146.46026463758602,144.37816442398642,144.9353520535012,72434100
2021-07-27,143.4690704345703,145.85419595024982,142.27650767673055,145.76620876125995,104818600
2021-07-28,141.7193145751953,143.66456373234172,139.3341891527353,141.55313976010396,118931200
2021-07-29,142.36448669433594,143.25402394226987,141.3283289838246,141.43585562825191,56699500
2021-07-30,142.5795440673828,143.03897475076792,140.86890234879084,141.13283410460213,70440600
2021-08-02,142.24720764160156,143.6450392737184,141.98327586121925,143.0683121632204,62880000
2021-08-03,144.0458221435547,144.71052154385873,141.91484335749328,142.53067920795002,64786600
2021-08-04,143.64501953125,144.46612394001684,142.99008994933277,143.95782973398676,56368300
2021-08-05,143.75257873535156,144.51503513271194,142.882595670896,143.67437616695372,46397700
2021-08-06,143.06724548339844,144.01685136365793,142.5679741708939,143.27283657558047,54126800
2021-08-09,143.018310546875,143.6154852947151,142.46030312496822,143.12599828625463,48908700
2021-08-10,142.5386199951172,144.60425572712768,142.24492480830875,143.36095456781464,69023100
2021-08-11,142.7931671142578,143.6350854630747,142.4701038589951,142.97917458892059,48493500
2021-08-12,145.7594451904297,145.91608462298464,142.77357136091953,143.11621825238865,72282600
2021-08-13,145.96505737304688,146.2979050117812,145.15250700463497,145.8377859484882,59375000
2021-08-16,147.94253540039062,148.01107074565377,143.39031260479845,145.4167808705027,103296000
2021-08-17,147.03213500976562,148.49079698288415,145.95525743273268,147.07128740440294,92229700
2021-08-18,143.2826690673828,147.55099731267805,143.07707790614015,146.65034281258323,86326000
2021-08-19,143.61550903320312,144.888178453154,141.46176882757268,141.9806239472667,86960300
2021-08-20,145.07420349121094,145.37768313326703,143.69384614705683,144.33997276831565,60549600
2021-08-23,146.5622100830078,147.03211343952145,144.78047016020776,145.191637464402,60131800
2021-08-24,146.47410583496094,147.68803914447207,146.01398679478913,146.30768202395666,48606400
2021-08-25,145.24057006835938,147.15936550708102,144.69234706814075,146.660079252059,58991300
2021-08-26,144.43783569335938,145.98461660195343,144.4084676646739,145.23081728174643,48597200
2021-08-27,145.4755401611328,145.62238028371488,143.74275202487664,144.379079140009,55802400
2021-08-30,149.90052795410156,150.26275857372073,145.48535959462373,145.8671589433328,90956700
2021-08-31,148.63766479492188,149.58727102922836,148.1090103253276,149.4502152293265,86453100
2021-09-01,149.30332946777344,151.72139660647437,149.13690566906416,149.61660833919711,80313700
2021-09-02,150.4193878173828,151.46689743705474,149.19567000260434,150.63476334782075,71115500
2021-09-03,151.0557403564453,151.3788036741578,149.87117485816617,150.5270858591112,57808700
2021-09-07,153.39549255371094,153.953500162786,151.14384857194918,151.7116554847735,82278300
2021-09-08,151.8486785888672,153.73809149809526,150.7424330368148,153.67935544010308,74420200
2021-09-09,150.83055114746094,152.82765179688866,150.7130640942289,152.2206926173688,57305700
2021-09-10,145.8377685546875,152.21088437935384,145.573441372884,151.74098100789337,140893200
2021-09-13,146.4055938720703,148.23627083685082,145.62241152835927,147.46288779538614,102404300
2021-09-14,145.00563049316406,147.8936158708618,143.8210802661935,147.18875336474773,109296300
2021-09-15,145.89654541015625,146.2979284766344,143.2924700678834,145.4364262730643,83281300
2021-09-16,145.6615447998047,145.837767899535,144.12456328294863,145.31891283926268,68034100
2021-09-17,142.98898315429688,145.69096176910773,142.69528787817018,145.69096176910773,129868800
2021-09-20,139.9345703125,141.7946152611483,138.29968524042357,140.7764886965952,123478900
2021-09-21,140.41429138183594,141.55970457818128,139.77796399538977,140.9037785830911,75834000
2021-09-22,142.7834014892578,143.35119341343096,140.67859787200524,141.41282856542696,76404300
2021-09-23,143.74276733398438,143.98751085632557,142.57778577756685,143.56654423015996,64838200
2021-09-24,143.8308868408203,144.369325635303,142.49948133899076,142.5973847336097,53477900
2021-09-27,142.31344604492188,142.89105205957617,140.79604829054261,142.41134942041117,74150700
2021-09-28,138.9262237548828,141.7065067266194,138.71084824910437,140.23804551701713,108972300
2021-09-29,139.8268585205078,141.41279162385416,139.0436763311914,139.4744272822133,74602000
2021-09-30,138.52484130859375,141.344291622089,138.30946580198176,140.63942904371518,89056700
2021-10-01,139.65065002441406,139.91497721524382,136.18508826736803,138.91641944607758,94639600
2021-10-04,136.21449279785156,139.2199512741239,135.36278987889122,138.77940085869702,98322000
2021-10-05,138.14303588867188,139.2492814021404,136.4298312131739,136.55710262635787,80861100
2021-10-06,139.01437377929688,139.16121397359612,135.46069169760693,136.5375695823508,83221100
2021-10-07,140.2772216796875,141.18767555165522,139.71921409322417,140.05206177202422,61732700
2021-10-08,139.8953857421875,141.14847133090333,139.56253815036328,141.00163119861574,58773200
2021-10-11,139.80728149414062,141.76522959139172,138.8283074455151,139.27864208058458,64452200
2021-10-12,138.53463745117188,140.2380579834007,138.0745183695577,140.21847431623635,73035900
2021-10-13,137.947265625,138.42695344884726,136.27321307906425,138.2703289211617,78762700
2021-10-14,140.73733520507812,140.8548222748978,138.53464310497256,139.12203364018546,69907100
2021-10-15,141.79464721679688,141.8533832901866,140.4926094841243,140.74715238609807,67940300
2021-10-18,143.46865844726562,143.75255436574946,140.14993682023066,140.4338327387145,85589200
2021-10-19,145.6322021484375,146.03358517080088,143.46867744948042,143.91899723333478,76378900
2021-10-20,146.12168884277344,146.6013915952755,145.00565881312252,145.57346566160615,58418800
2021-10-21,146.33705139160156,146.4936908403183,144.76090241654427,145.68114050530517,61421000
2021-10-22,145.56365966796875,147.02232150012944,145.51470797593214,146.5426337568644,58883400
2021-10-25,145.5147247314453,146.2293717159997,144.51616686316274,145.55387712680738,50720600
2021-10-26,146.180419921875,147.6684497999659,145.87692540269924,146.190204285219,60893400
2021-10-27,145.72032165527344,146.58180882899126,145.36789033121931,146.2195931401995,56094900
2021-10-28,149.36209106445312,149.94946658313845,146.57200880232836,146.66991219108917,100077900
2021-10-29,146.65032958984375,146.78738537232746,143.33160784302547,144.12457450867834,124953200
2021-11-01,145.8280029296875,146.55243427503285,144.692389276276,145.85737096055496,74588300
2021-11-02,146.86569213867188,148.3831049138377,145.5244875234558,145.5342868243143,69122000
2021-11-03,148.3048095703125,148.77471301203136,146.66992441982393,147.22793195599735,54511500
2021-11-04,147.7859649658203,149.22504342505385,147.47268602369996,148.39292424372576,60394600
2021-11-05,148.3153533935547,149.2173222899692,147.11926062749689,148.9133997765836,65463900
2021-11-08,147.49183654785156,148.5996967763102,147.2173248919126,148.44282869869843,55020900
2021-11-09,147.8545684814453,148.46241353148417,147.1192662590711,147.2565220755238,56787900
2021-11-10,145.02120971679688,147.18790692538667,144.95258928599077,147.08006199718062,65187100
2021-11-11,144.97219848632812,146.50162489581308,144.7859195077794,146.04084921172387,41000000
2021-11-12,147.0506591796875,147.45261306165483,144.58983794450572,145.52121785210946,63804000
2021-11-15,147.0604248046875,148.90358691602947,146.5015880097449,147.42316906541586,59222800
2021-11-16,148.04083251953125,148.52123530858523,146.41336017433824,147.0016078768631,59256200
2021-11-17,150.48204040527344,151.96244333873707,148.03103325464866,148.0408318977374,88807000
2021-11-18,154.77618408203125,155.56050930807018,150.05065040073163,150.6977198341957,137827700
2021-11-19,157.40371704101562,157.8645076840942,153.46249248182252,154.56053914119423,117305600
2021-11-22,157.86447143554688,162.45274960273852,157.84485918977177,158.5115259485219,117467900
2021-11-23,158.24685668945312,158.62921327282737,155.94290358465759,157.96253143323767,96041900
2021-11-24,158.76644897460938,158.96252656383666,156.5115192990928,157.59976712302952,69463600
2021-11-26,153.7369842529297,157.30565039386215,153.2958059172185,156.44290597018036,76959800
2021-11-29,157.09976196289062,158.0311417015208,155.67816582735122,156.24680128961487,88748200
2021-11-30,162.06060791015625,162.27629775232137,156.7860353404558,156.85467072649087,174048100
2021-12-01,161.54098510742188,166.96261178270726,161.30568303306615,164.19786850812946,152052500
2021-12-02,160.55078125,160.98216094033538,154.70758806208025,155.62916922602187,136739200
2021-12-03,158.6683807373047,161.72724755293552,156.58993165162352,160.8056665553949,118023100
2021-12-06,162.0802001953125,164.59002900255814,161.06057289251913,161.07037153513377,107497000
2021-12-07,167.82533264160156,168.2175027106271,165.04099247043354,165.7664958783119,120405400
2021-12-08,171.64894104003906,172.51170037671412,167.3547715631022,168.75675548519916,116998900
2021-12-09,171.13912963867188,173.28621440591945,170.5116723744327,171.48227664120193,108923700
2021-12-10,175.9333038330078,176.1097841405235,171.26659124422937,171.776404959566,115402700
2021-12-13,172.29598999023438,178.5607631577719,172.09009882408355,177.5705467754529,153237000
2021-12-14,170.9136199951172,174.25679709582377,168.8351708696383,171.81558876579217,139380400
2021-12-15,175.78623962402344,175.98231720834798,168.9332180976385,171.67834915746462,131063300
2021-12-16,168.88418579101562,177.59016769208043,167.40378290602789,175.7666178333374,150185800
2021-12-17,167.78616333007812,170.07050404048465,166.36458201855805,166.59986915660923,195432700
2021-12-20,166.4233856201172,167.2371217897491,164.178269651189,164.98219221796626,107499100
2021-12-21,169.5998992919922,169.80577551895627,165.8057299805719,168.19791539703556,91185900
2021-12-22,172.1979522705078,172.41364208964774,168.7763410121153,169.64889893145047,92135300
2021-12-23,172.825439453125,173.38427634319635,171.83523780972868,172.40387334427473,68356600
2021-12-27,176.79608154296875,176.8843142259983,173.59997302631623,173.6195703160363,74919600
2021-12-28,175.7764434814453,177.77647393560375,175.03134260309423,176.62940424561387,79144300
2021-12-29,175.8646697998047,177.0901733747063,174.64896486798852,175.81564666485653,62348900
2021-12-30,174.70777893066406,177.0313437787025,174.5999340224449,175.95289469651084,59773000
2021-12-31,174.0901641845703,175.71762176050464,173.7862266948401,174.5999629626884,64062300
2022-01-03,178.44313049316406,179.2960912081591,174.22740989529922,174.34505345884557,104487900
2022-01-04,176.17840576171875,179.35491668068815,175.60977025994117,179.05099416209845,99310400
2022-01-05,171.49205017089844,176.6391646965208,171.21753859297928,176.09014154068254,94537600
2022-01-06,168.62930297851562,171.8646356206371,168.27635732737943,169.31558203356892,96904000
2022-01-07,168.79595947265625,170.72735431349597,167.6783008049415,169.50185073224034,86709100
2022-01-10,168.81561279296875,169.11953536150543,164.87438812798405,165.76655854255335,106765600
2022-01-11,171.64894104003906,171.74697235390423,167.4724300834058,168.94303442923228,76138300
2022-01-12,172.09014892578125,173.70780800028308,171.3940711266009,172.66858314420182,74805200
2022-01-13,168.81561279296875,173.15879136098613,168.42344257569226,172.33525634435176,84505800
2022-01-14,169.67835998535156,170.37443776083572,167.73715121031663,167.98225196839815,80440800
2022-01-18,166.47242736816406,169.1587219328493,166.0900708080933,168.14890807010434,90956700
2022-01-19,162.9723663330078,167.72732627847407,162.68805608048748,166.6684893743364,94815000
2022-01-20,161.28607177734375,166.3547528521012,160.9625370330281,163.70766807832655,91420500
2022-01-21,159.22723388671875,163.0704113462842,159.1193889725066,161.19783827212862,122848900
2022-01-24,158.45274353027344,159.1194254143862,151.6683559036137,156.88410755310724,162294600
2022-01-25,156.64877319335938,159.5703696285005,153.942866591661,155.86444788627315,115798400
2022-01-26,156.560546875,161.1684376714049,154.72719817611775,160.29587965880856,108275300
2022-01-27,156.09976196289062,160.6292188937634,155.17818077822113,159.26645936487785,121954600
2022-01-28,166.9920196533203,167.01163189910224,159.6095873711376,162.4625632621154,179935700
2022-01-31,171.35484313964844,171.5705330064948,166.18811489980484,166.82538585540124,115541600
2022-02-01,171.1881561279297,171.41364461299403,168.93322639800166,170.5999083862923,86213900
2022-02-02,172.39402770996094,172.4332522000971,169.93322202538937,171.3253922300273,84914300
2022-02-03,169.5116424560547,172.78619926092313,168.74692944934694,171.06068071470264,89418100
2022-02-04,169.22698974609375,170.90562127726093,167.54835821492657,168.53001022690665,82465400
2022-02-07,168.51040649414062,170.75838325799216,167.8134268983413,169.68838604223646,77251200
2022-02-08,171.62220764160156,172.13267083606547,168.2845821132694,168.57908068618394,74829200
2022-02-09,173.04562377929688,173.4088302479398,171.6909391445202,172.81984799977465,71285000
2022-02-10,168.96192932128906,172.26028048182204,168.40239549718422,170.94487045999796,90865900
2022-02-11,165.54579162597656,169.90432887481495,164.95679443820137,169.16808987950634,98670700
2022-02-14,165.78140258789062,166.46855602542965,163.50396264767951,164.2990984096048,86185500
2022-02-15,169.61965942382812,169.77672735442647,167.1262696855739,167.83306039444423,62527400
2022-02-16,169.38404846191406,170.1595469185717,166.92991856527323,168.69689508661867,61177400
2022-02-17,165.78140258789062,168.75580709374077,165.37892165346722,167.89194849865083,69589300
2022-02-18,164.2303924560547,167.4109355405672,163.1407580714809,166.70415983864797,82772700
2022-02-22,161.30506896972656,163.63157949063682,159.17487088048674,161.95294792646703,91162800
2022-02-23,157.13302612304688,163.10145646710572,156.8188903266126,162.50264821161971,90009200
2022-02-24,159.75405883789062,159.86204116175165,149.21111050582687,149.7804704881103,141147500
2022-02-25,161.82533264160156,162.090367887761,157.91834703084373,160.83385456915977,91974200
2022-02-28,162.09036254882812,162.38486112479202,159.44971644975743,160.06816196139965,95056600
2022-03-01,160.2056121826172,163.5432381527931,158.99818435052663,161.67809026330085,83474400
2022-03-02,163.50396728515625,164.28929194125575,159.96020269374122,161.37378407895594,79724800
2022-03-03,163.1800079345703,165.81084308627598,162.51249176371445,165.3789138092183,76678400
2022-03-04,160.17611694335938,162.51245294086567,159.1257573421827,161.47190446497984,83737200
2022-03-07,156.37718200683594,161.9922331985085,156.12194287523664,160.3626871229987,96418800
2022-03-08,154.55126953125,159.89145798739116,152.94136109775025,155.90595387633803,131148300
2022-03-09,159.960205078125,160.41177163023045,156.4851632700245,158.51717530744355,91454900
2022-03-10,155.61148071289062,157.447165177113,153.11807622105542,157.26064889872916,105342000
2022-03-11,151.89102172851562,156.35754167605256,151.66524594480387,156.01395745746433,96970100
2022-03-14,147.85641479492188,151.29219668682538,147.34596655573256,148.671187726746,108732100
2022-03-15,152.24440002441406,152.71560375350202,147.62082764624324,148.13127588452474,92964300
2022-03-16,156.6618194580078,157.06430032250074,151.6259555145145,154.16843028106842,102300200
2022-03-17,157.6729736328125,158.04600626691465,154.73784310287434,155.69985807738482,75615400
2022-03-18,160.9713134765625,161.4621395458107,156.82874025380204,157.5649793576743,123511700
2022-03-21,162.34561157226562,163.2978152048177,160.0190861607253,160.50991215775952,95811400
2022-03-22,165.7224884033203,166.31147058252574,161.88422570672876,162.4732078859342,81532000
2022-03-23,167.08700561523438,169.4724129582103,164.57396373096856,164.90773681905242,98062700
2022-03-24,170.8761444091797,170.94485224956935,167.0869676759046,167.921362759599,90131400
2022-03-25,171.51425170898438,172.06397447426608,169.5803959233043,170.68966756106184,80546200
2022-03-28,172.37811279296875,172.5057173789197,168.8441592815926,169.01103833923784,90371900
2022-03-29,175.67645263671875,175.72552325481462,173.10451415071458,173.4480983503125,100589400
2022-03-30,174.50828552246094,176.31452166228107,173.45791066079582,175.27397290735905,92633200
2022-03-31,171.40628051757812,174.763529034082,171.20012697779308,174.5770127311391,103049300
2022-04-01,171.11175537109375,171.67130419323556,168.78524495629924,170.83689401317795,78751300
2022-04-04,175.1659698486328,175.21505544007368,171.23936219447407,171.36698173645647,76468400
2022-04-05,171.84800720214844,175.02856526846452,171.21975048299214,174.2432406248137,73401800
2022-04-06,168.67726135253906,170.44423791053993,167.00845598396842,169.19753570311426,89058800
2022-04-07,168.98158264160156,170.17919933632717,166.73360604638012,168.0195678303507,77594700
2022-04-08,166.9691925048828,168.62818685521674,166.0955227852114,168.62818685521674,76575500
2022-04-11,162.70880126953125,165.92861828036033,162.46338829627405,165.61449746357707,72246700
2022-04-12,164.58377075195312,166.75321318939567,163.5824815614611,164.93716605572558,79265200
2022-04-13,167.27349853515625,167.90175523000033,163.71011188136575,164.31873134170252,70618900
2022-04-14,162.25726318359375,168.12755331525187,162.01185016741871,167.48947048590375,75329400
2022-04-18,162.0413055419922,163.54323192882495,160.56882751734665,160.91239673580466,69023900
2022-04-19,164.3285369873047,164.7408440040976,160.90258113171808,161.99221543879506,67723800
2022-04-20,164.16165161132812,165.78138631816157,163.05239509202772,165.66357789841544,67929800
2022-04-21,163.3665313720703,168.38277391627963,162.86589422198446,165.81085035411152,87227800
2022-04-22,158.82147216796875,164.78991818851023,158.53679967564108,163.40580023778472,84882400
2022-04-25,159.8914794921875,160.17615197605645,155.55257953271186,158.16376241881838,96046400
2022-04-26,153.9230499267578,159.36139588708184,153.84451596249764,159.27305079434743,95623200
2022-04-27,153.697265625,156.85817138310125,152.52909731194325,153.0493716898695,88063200
2022-04-28,160.63751220703125,161.5013706501521,156.0139252856425,156.3280610754388,130216800
2022-04-29,154.75743103027344,163.15055858383272,154.36477622377623,158.87055528620192,131747600
2022-05-02,155.0617218017578,155.3267569976815,150.45777255569175,153.83465707642324,123055300
2022-05-03,156.5538330078125,157.7612755693258,153.45182454246736,155.24823424848756,88966500
2022-05-04,162.97384643554688,163.4253979042394,156.33787025741282,156.7403511160265,108256500
2022-05-05,153.89358520507812,161.06945878722854,152.10697141040896,160.84368302574217,130525300
2022-05-06,154.62107849121094,156.7445658918497,151.57347999950738,153.37254446386834,116124600
2022-05-09,149.48931884765625,153.19558860822082,148.92896288962842,152.31079472594658,131577900
2022-05-10,151.8979034423828,154.09021465537515,150.3446125608553,152.89083834180113,115366700
2022-05-11,144.0233154296875,152.82200644382692,143.34497796029567,150.90497555260774,142689800
2022-05-12,140.14993286132812,143.72839581595062,136.45350338099348,140.35638928215414,182602000
2022-05-13,144.62301635742188,145.59628520412005,140.6906387962122,142.1456142936274,113990900
2022-05-16,143.07952880859375,145.02606620057162,141.7425200447831,143.08936935150413,86643800
2022-05-17,146.7169952392578,147.23803400578663,144.20026129048028,146.3434146138869,78336300
2022-05-18,138.4393310546875,144.86876045778243,137.53487119903903,144.3673878211131,109742900
2022-05-19,135.0280303955078,139.26516512783357,134.29070954879225,137.51525818502847,136095600
2022-05-20,135.2639617919922,138.32138613190273,130.3681556306207,136.73860346717416,137426100
2022-05-23,140.69065856933594,140.8381167482736,135.32295584352514,135.46058847747761,117726300
2022-05-24,137.98712158203125,139.5699040628069,135.0083469444269,138.42951103300464,104132700
2022-05-25,138.14443969726562,139.39295887874255,136.0012859433497,136.08976084581695,92482700
2022-05-26,141.3493194580078,141.89984995235616,134.8215728806199,135.06734649422762,90601500
2022-05-27,147.1102294921875,147.1495466635664,142.80427168601537,142.93207874444667,90978500
2022-05-31,146.32376098632812,148.11299992246586,144.35757226573517,146.54988348979353,103718400
2022-06-01,146.19598388671875,149.17475890329976,145.18338279118626,147.36585369453903,74286600
2022-06-02,148.6536865234375,148.71266977766248,144.377220582194,145.33082319437173,72348100
2022-06-03,142.92227172851562,145.4684826787646,142.0178266612746,144.41656444787193,88570300
2022-06-06,143.66941833496094,146.05834558258064,142.45037585050028,144.54437177114056,71598400
2022-06-07,146.19598388671875,146.48107468002564,141.66391782175316,141.9096914369881,67808200
2022-06-08,145.45863342285156,147.33633206027957,144.9670862924701,146.06814706425965,53950200
2022-06-09,140.2285919189453,145.44882105467732,140.12045092928022,144.59353368240036,69473000
2022-06-10,134.8117218017578,138.38034379484614,134.7428980025847,137.9084627463307,91437900
2022-06-13,129.6504669189453,132.9143318379119,129.21790307407372,130.62372056907952,122207100
2022-06-14,130.51556396484375,131.62646506958663,129.25720474921692,130.87931897306603,84784300
2022-06-15,133.14044189453125,135.0181554391388,129.92573462276167,132.01971509318932,91533000
2022-06-16,127.86125183105469,130.15186352165608,126.85849136974434,129.84710666597098,108123900
2022-06-17,129.3358917236328,130.8301993524765,127.61547659200777,127.87109072638007,134520300
2022-06-21,133.57301330566406,134.74289788395257,131.06613492456364,131.16443535080262,81000500
2022-06-22,133.06179809570312,135.4310435768621,131.64614013134977,132.5112527755898,73409200
2022-06-23,135.93246459960938,136.24704700188127,133.33709602733944,134.5069807437755,72433800
2022-06-24,139.26513671875,139.51091028418583,137.40708916408835,137.53488121755194,89116800
2022-06-27,139.26513671875,141.06420101783954,138.58679927801467,140.2875481505987,70207900
2022-06-28,135.1165008544922,140.995401345449,134.99853432316218,139.7272161311599,67083400
2022-06-29,136.876220703125,138.29187895229046,134.35950159386607,135.1361545226192,66242400
2022-06-30,134.40866088867188,136.0307605677301,131.50853555295868,134.9296996947126,98964500
2022-07-01,136.5812530517578,136.68939400036734,133.36654621739518,133.74011176646206,71051600
2022-07-05,139.16683959960938,139.2159973193288,134.61510776869383,135.44091845782265,73353800
2022-07-06,140.50381469726562,141.68352468196488,138.694925054005,138.9603646758309,74064300
2022-07-07,143.8758544921875,144.07247034886072,140.857747839313,140.86757338185674,66253700
2022-07-08,144.55419921875,145.05558698146706,142.54869317037367,142.80429232334566,64547800
2022-07-11,142.42083740234375,144.16091815878815,141.34926843402636,143.20731568215325,63141600
2022-07-12,143.39414978027344,145.94036067600746,142.59784571642712,143.29583433994398,77588800
2022-07-13,143.03038024902344,143.9741422785196,139.71734260162484,140.5726447543378,71185600
2022-07-14,145.96002197265625,146.43190306892052,140.82826817318988,141.64423829848138,78140700
2022-07-15,147.63124084472656,148.30957818143008,145.69454424604356,147.2478347414801,76259900
2022-07-18,144.5836944580078,149.00761906982018,144.219939344917,148.1916489524308,81420900
2022-07-19,148.44723510742188,148.67334258980395,144.42638313418118,145.41930294883997,82982400
2022-07-20,150.45277404785156,151.12128610103343,147.8279135614201,148.56523442842325,64823400
2022-07-21,152.72372436523438,152.9400063380094,149.37136878805202,151.88808810670997,65086600
2022-07-22,151.4849853515625,153.6379641019081,150.8164884797473,152.76301084272214,66675400
2022-07-25,150.36427307128906,152.4189365975324,149.70560167774437,151.40635064916066,53623900
2022-07-26,149.03707885742188,150.50187953761252,148.25060053874955,149.68590959456228,55138700
2022-07-27,154.13934326171875,154.67022256546406,149.5876270137746,150.0005248051165,78620700
2022-07-28,154.68991088867188,154.9750016662387,151.7996109329514,154.32615575764223,81378700
2022-07-29,159.7626495361328,160.86372535437394,156.8035410889223,158.51413057382698,101786900
2022-08-01,158.779541015625,160.82437877972106,158.17002740354454,158.287993908895,67829400
2022-08-02,157.30491638183594,159.66435174491758,156.931350741657,157.39340627106276,59907000
2022-08-03,163.32147216796875,163.77368717681702,158.0324196674791,158.1208945604064,82507500
2022-08-04,163.0068817138672,164.36355679986545,161.65020662786893,163.20349759569137,55474100
2022-08-05,162.7804412841797,163.2726712063917,160.46695464111716,160.67369781797885,56697000
2022-08-08,162.30789184570312,165.20220622926755,161.64830554399492,163.7845816314674,60276900
2022-08-09,162.3571014404297,163.24312423537512,160.71305544763848,161.47109366714804,63135500
2022-08-10,166.61000061035156,166.70843758837208,164.30635300401312,165.07423053223724,70170500
2022-08-11,165.87164306640625,168.33279265478845,165.57630211146738,167.4172371966445,57149200
2022-08-12,169.42552185058594,169.49442621891984,166.7674686201632,167.18095491681882,68039400
2022-08-15,170.49862670898438,170.69551570107743,168.6872239470608,168.85458034142326,54091700
2022-08-16,170.34107971191406,171.01052019393777,168.99237457923107,170.09496475942944,56377100
2022-08-17,171.8374786376953,173.4126054655057,169.88825224075944,170.0851412165275,79542000
2022-08-18,171.44369506835938,172.18204003423804,170.4297025169527,171.04991709522415,62290100
2022-08-19,168.85455322265625,171.04005523372263,168.6478100500787,170.34108214913311,70346300
2022-08-22,164.9659423828125,167.22034880392278,164.54261684090196,167.05299243394208,69026800
2022-08-23,164.63121032714844,166.0882216660332,164.06022183299058,164.4835473638596,54147100
2022-08-24,164.92657470703125,165.4975632823113,163.66646716905697,164.71984652905635,53841500
2022-08-25,167.3876953125,167.49598648924476,165.7338100913049,166.15712058661168,51218200
2022-08-26,161.07730102539062,168.3918448489658,161.0182358432931,167.91930837052172,78961000
2022-08-29,158.87213134765625,160.36849946589015,157.33637642429446,158.64569477233294,73314000
2022-08-30,156.44052124023438,160.0337937500244,155.26901159376436,159.61048321715364,77906200
2022-08-31,154.77676391601562,158.08454929439134,154.6980053329991,157.8187409544185,87991100
2022-09-01,155.5052947998047,155.95813794862076,152.2664132669702,154.20580050146393,74229900
2022-09-02,153.38868713378906,157.86798246463846,152.56174446332417,157.26746135406307,76957800
2022-09-06,152.12857055664062,154.64878522236114,151.30162793601315,154.03842495785005,73714800
2022-09-07,153.53636169433594,154.2353197614945,151.22287508520006,152.41407808901712,87449600
2022-09-08,152.05967712402344,153.93014485598613,150.30732474708108,152.23687268905203,84923800
2022-09-09,154.92445373535156,155.36747271934937,152.34517353637017,153.05398588476703,68028800
2022-09-12,160.89027404785156,161.7073775664421,156.82446488060694,157.10995164172124,104956000
2022-09-13,151.4492950439453,158.04517283101427,150.98659772699438,157.41511914732905,122656600
2022-09-14,152.89646911621094,154.65866080063967,151.22289024182777,152.38454574724284,87965400
2022-09-15,150.00213623046875,152.82754609590185,149.02753063381346,152.24670339235885,90481100
2022-09-16,148.3581085205078,148.99801648832616,146.06431507986616,148.8601926989242,162278800
2022-09-19,152.079345703125,152.15810428972742,146.78296219367604,146.989690339551,81474200
2022-09-20,154.4617462158203,155.6234166633189,150.7011173572486,151.0161367015711,107689800
2022-09-21,151.33116149902344,156.27315389590652,151.21303113007994,154.8949011643533,101696800
2022-09-22,150.36639404296875,152.06950527712038,148.56483082094806,150.01198791697018,86652500
2022-09-23,148.09230041503906,149.1161471568303,146.2513651484526,148.84049957750184,96029900
2022-09-26,148.42703247070312,151.38041235260212,147.31458790825445,147.33428131353384,93339400
2022-09-27,149.40162658691406,152.315634453065,147.619756600354,150.3664080888261,84442700
2022-09-28,147.51144409179688,148.29901488949315,142.58914538327457,145.34563566437978,146691400
2022-09-29,140.26583862304688,144.4399538960587,138.49380784574632,143.8295935811918,128138200
2022-09-30,136.05233764648438,140.87619954797051,135.85544869618502,139.0844755504192,124925300
2022-10-03,140.23631286621094,140.84668823250414,135.55028904590418,136.06221241134372,114311700
2022-10-04,143.82957458496094,143.94770494729045,142.01815723981503,142.77619544864433,87830100
2022-10-05,144.12490844726562,145.08968986509632,140.7875903322469,141.83113033653302,79471000
2022-10-06,143.1699981689453,145.24720918960443,142.9632699990137,143.54409774342406,68402200
2022-10-07,137.91297912597656,140.8762129387206,137.28292541213156,140.32490279514894,85925600
2022-10-10,138.23785400390625,139.68501122355408,136.41661224606074,138.23785400390625,74899000
2022-10-11,136.82022094726562,139.15340092464973,136.07203689531147,137.7259221748937,77033700
2022-10-12,136.19017028808594,138.17878336551573,136.01297472776957,136.9679019716922,70433700
2022-10-13,140.76792907714844,141.35859601492572,132.28187436958524,132.89224973345455,113224000
2022-10-14,136.22955322265625,142.27413585110418,136.04250345541635,142.0673926816115,88598000
2022-10-17,140.1969451904297,140.67932095242676,138.09020149670755,138.87777246163483,85250900
2022-10-18,141.51608276367188,144.42023589257636,138.4248798871267,143.22904806022734,99136600
2022-10-19,141.62440490722656,142.69746261645687,139.30107889163025,139.488128680181,61758300
2022-10-20,141.16171264648438,143.62286253921314,140.4332068704366,140.7974672692939,64522000
2022-10-21,144.98141479492188,145.5524033439164,140.43319980718348,140.6497821885837,86548600
2022-10-24,147.1275177001953,147.89539516122247,143.73113431154985,144.90264390563777,75981900
2022-10-25,149.9726104736328,150.12028846465364,147.03892431633474,147.7575758033074,74732300
2022-10-26,147.02908325195312,149.62805663114864,145.73942824213276,148.61406419672124,88194300
2022-10-27,142.54978942871094,146.73374379544853,141.8902031311427,145.76897734753766,109180200
2022-10-28,153.31980895996094,155.05245318778273,145.52288740226115,145.8969719952182,164762400
2022-10-31,150.95704650878906,151.84306925011984,149.5591155400187,150.77985097352064,97943200
2022-11-01,148.30886840820312,153.0342786292701,146.81250027183614,152.67003329657965,80379300
2022-11-02,142.77621459960938,149.80525751264736,142.7466820050657,146.63529551052576,93604600
2022-11-03,136.7218017578125,140.58088293366475,136.59381715822644,139.85237716768756,97918500
2022-11-04,136.45555114746094,140.68588340372804,132.51117923439392,140.11394767074316,140814800
2022-11-07,136.98800659179688,137.2148037171603,133.78320507083873,135.20318107527018,83374600
2022-11-08,137.5599365234375,139.4630882795032,135.57789554298725,138.45728452340782,89908500
2022-11-09,132.9943389892578,136.623168532168,132.71823419264956,136.57386087993447,74917800
2022-11-10,144.8274688720703,144.8274688720703,137.5599685390709,139.27577571396307,118854000
2022-11-11,147.61810302734375,147.9237894166263,142.3622261036816,143.79207283535823,93979700
2022-11-14,146.2178497314453,148.19003547375948,145.37966477232854,146.898256219997,73374100
2022-11-15,147.95339965820312,151.45403311466376,146.49398610736782,150.10309040489915,89868300
2022-11-16,146.7207489013672,147.78573098764542,145.24160962263343,147.05603190661645,64218300
2022-11-17,148.62393188476562,149.3733571163338,144.11747984279026,144.39358466739876,80389400
2022-11-18,149.18600463867188,150.5763993918672,147.88436969164823,150.19182372040734,74829600
2022-11-21,145.95162963867188,148.27880988198416,145.66566926933072,148.07173876370618,58724100
2022-11-22,148.0914306640625,148.32809838668408,144.8866286056601,146.06995217218372,51804100
2022-11-23,148.9690704345703,149.71849566611712,147.26311878314957,147.3715896104273,58301400
2022-11-25,146.0502166748047,146.80951240345237,145.07397930940053,146.2474322409697,35195900
2022-11-28,142.2143096923828,144.6006525445557,141.38599532318216,143.1215132938763,69246000
2022-11-29,139.2067413330078,142.79611910491008,138.39815293017466,142.28334655275705,83763800
2022-11-30,145.97132873535156,146.6517352342591,138.595358159877,139.43352808516767,111380900
2022-12-01,146.24745178222656,147.05605527210508,144.5710966759583,146.1488515092609,71250400
2022-12-02,145.75437927246094,145.9417393182281,143.62441514150157,143.9301165589326,65447400
2022-12-05,144.59083557128906,148.82116833526126,143.74279490633833,145.71498109956457,68826400
2022-12-06,140.92254638671875,145.25149381357704,139.94630895435972,145.02469664926164,64727200
2022-12-07,138.97996520996094,141.37616424281495,138.05303527991336,140.21258159638873,69721100
2022-12-08,140.66615295410156,141.5240640501762,139.13772092261513,140.38019261979954,62128300
2022-12-09,140.18299865722656,143.54557973820909,138.94051172185388,140.36048819280174,76097000
2022-12-12,142.48057556152344,142.4904310742392,139.09826892356506,140.71546075742316,70462700
2022-12-13,143.4469451904297,147.8843635443182,142.23405505341051,147.420898645852,93886200
2022-12-14,141.21839904785156,144.6204172233284,139.1969051895986,143.3286376736575,82291200
2022-12-15,134.6016845703125,139.827980094081,134.1382196907759,139.14757356682156,98931900
2022-12-16,132.6393585205078,135.7356898104224,131.8702072160859,134.78904899571134,160156900
2022-12-19,130.52911376953125,133.31975851229708,129.49372825060226,133.23101376151752,79592600
2022-12-20,130.46009826660156,131.39688354522443,128.0836106828586,129.56275008486864,77432800
2022-12-21,133.56629943847656,134.90738657654524,130.9038512362098,131.13064842267107,85928000
2022-12-22,130.39109802246094,132.68869695584948,128.4879453921836,132.48162581248053,77852100
2022-12-23,130.0262451171875,130.57845488119247,127.83711709089096,129.09931513621305,63814900
2022-12-27,128.22166442871094,129.58247750765514,126.92988507827397,129.55289592303325,69007800
2022-12-28,124.28716278076172,129.2077647504938,124.11952877613886,127.8666776669259,85438400
2022-12-29,127.80750274658203,128.66539876390968,125.95365078301222,126.21002952300181,75703700
2022-12-30,128.12306213378906,128.14278820773606,125.6578370442106,126.62421153870504,77034200
2023-01-03,123.33065032958984,129.07956676089162,122.44316513126005,128.4681939201586,112117500
2023-01-04,124.60272216796875,126.87073926087292,123.34052422952556,125.12535029654666,89113600
2023-01-05,123.28134155273438,125.99309725880703,123.02496279365805,125.36199835089351,80962700
2023-01-06,127.8173599243164,128.4780403774463,123.15314460938177,124.257571392045,87754700
2023-01-09,128.3399658203125,131.55463782580617,128.08358712122987,128.65552272372005,70790800
2023-01-10,128.9119110107422,129.43453900512318,126.33820813140562,128.44844617850507,63896200
2023-01-11,131.63356018066406,131.65327120715185,128.64569958998982,129.42470644063985,69458900
2023-01-12,131.55467224121094,132.39284227281698,129.6120678053339,132.01813716022232,71379600
2023-01-13,132.88587951660156,133.04365799858422,129.82900042275443,130.19384999657817,57809700
2023-01-17,134.0495147705078,135.38073158991477,132.26468844927925,132.95495069414824,63646600
2023-01-18,133.3296356201172,136.68234566241608,133.15213106325567,134.91724588612811,69672800
2023-01-19,133.3887939453125,134.35516079708475,131.90965456039046,132.21534095915428,58280400
2023-01-20,135.95263671875,136.10055969629155,132.3534032973474,133.3986594670003,80223600
2023-01-23,139.1475830078125,141.32685514540398,135.9822178760608,136.19915953850284,81760300
2023-01-24,140.5478057861328,141.169049065949,138.34882305195495,138.35867856319985,66435100
2023-01-25,139.8871612548828,140.44922647148869,136.87957443059517,138.93064978868992,65799300
2023-01-26,141.9579315185547,142.24389182095663,139.9265676340099,141.17890975078,54105100
2023-01-27,143.90054321289062,145.18246711281154,141.09018721144076,141.16907645645273,70555800
2023-01-30,141.0113067626953,143.52584706043817,140.863398823187,142.9440557695909,64015300
2023-01-31,142.28334045410156,142.3326481092963,140.301299106578,140.71545632636276,65874500
2023-02-01,143.4075164794922,144.571114195543,139.3546881653997,141.967828937729,77663600
2023-02-02,148.7225341796875,149.07751316889315,146.10937904089744,146.82922262442523,118339000
2023-02-03,152.35134887695312,155.1913011660709,145.77411121969988,145.97132678498124,154357300
2023-02-06,149.619873046875,150.97083056548323,148.68308779153134,150.44820252682044,69858300
2023-02-07,152.49928283691406,153.07121860652774,148.54505515759215,148.54505515759215,83322600
2023-02-08,149.8072509765625,152.4302620416696,149.06768120571854,151.73999993153234,64120100
2023-02-09,148.7718505859375,152.1837390894266,148.32811173185976,151.64138491373802,56007100
2023-02-10,149.13726806640625,149.46317743221437,147.3694730974516,147.60650220064647,57450700
2023-02-13,151.9420623779297,152.34696638235076,149.04839042017383,149.0780171748983,62199000
2023-02-14,151.30007934570312,151.86301769491905,148.9891025921519,150.233471212628,61707600
2023-02-15,153.4036865234375,153.57157647071767,150.98407305919312,151.21121650909475,65573800
2023-02-16,151.8037872314453,154.39129073768956,151.44825113314346,151.6062554560653,68167900
2023-02-17,150.65817260742188,151.10258897284194,148.97925796607987,150.46065589718617,59144100
2023-02-21,146.6386260986328,149.4236611977066,146.56950203742764,148.33729678255915,58867200
2023-02-22,147.0633087158203,148.0904046122651,145.3350111943411,147.02379633351947,51011300
2023-02-23,147.54721069335938,148.47555569965527,145.4140093743504,148.22865607328114,48394200
2023-02-24,144.89059448242188,145.3646375819345,143.91286646196608,145.2856278870893,55469600
2023-02-27,146.08558654785156,147.32008482695682,145.62141398934327,145.87819927591497,44998500
2023-02-28,145.58192443847656,147.23121241896578,145.0091153980784,145.22638831235219,50547000
2023-03-01,143.50794982910156,145.40413732845008,143.2116672358624,145.0091039171703,55479000
2023-03-02,144.1005401611328,144.8906221911204,142.11545698872433,142.58951524845367,52238100
2023-03-03,149.15701293945312,149.236022634522,145.50290119247913,146.20408774818284,70732300
2023-03-06,151.92230224609375,154.3616721188966,151.55689556759242,151.8827898611123,87558000
2023-03-07,149.719970703125,152.11982833887177,149.25579810311828,151.79391895570362,56182000
2023-03-08,150.97421264648438,151.5667779107922,149.9471166005195,150.9149591339657,47204800
2023-03-09,148.72244262695312,152.6234533766544,148.3669065925505,151.65561114338573,53833600
2023-03-10,146.6584014892578,149.06814463866203,145.77943928176788,148.3472018339828,68572400
2023-03-13,148.60398864746094,151.24087556424058,145.86833582551114,145.97697229337373,84457100
2023-03-14,150.69766235351562,151.49761478500946,148.23855155589501,149.4039106364519,73695900
2023-03-15,151.09271240234375,151.34948260848185,148.06077752387876,149.31503194180715,77167900
2023-03-16,153.917236328125,154.5196720318581,149.7594399024329,150.27299535550645,76161100
2023-03-17,153.07777404785156,154.7962009363973,152.36670189187112,154.14438228182223,98944600
2023-03-20,155.447998046875,155.8628026785515,152.23830291826783,153.14690680049927,73641400
2023-03-21,157.30471801757812,157.42322503802845,154.59869218400178,155.36903302560913,73938300
2023-03-22,155.8726806640625,160.12922799549253,155.85292447362312,157.32445173541882,75701800
2023-03-23,156.95904541015625,159.54656410725272,155.72454710395584,156.86029458739586,67622100
2023-03-24,158.26268005371094,158.35156031348998,155.89244937558198,156.88991856429575,59196500
2023-03-27,156.31707763671875,158.7762031421057,155.91215866543004,157.95649464031004,52390300
2023-03-28,155.69488525390625,156.5244793815335,154.045597696947,156.0109239824416,45992200
2023-03-29,158.77621459960938,159.0527409732352,157.37382654206215,157.39356766192319,51305700
2023-03-30,160.34649658203125,160.45513302219786,159.27001781009866,159.5267880006936,49501700
2023-03-31,162.85498046875,162.95374634284104,159.9020707098414,160.42549668949934,68749800
2023-04-03,164.1092529296875,164.22775993608965,162.18343872786127,162.23282167038158,56976200
2023-04-04,163.57595825195312,164.77094409936112,163.06240276891677,164.53393008377392,46278300
2023-04-05,161.7291259765625,163.0031364887197,159.7934413430479,162.6969833628771,51511700
2023-04-06,162.6179962158203,162.91427882271006,159.99098020805553,160.41564039126865,45390100
2023-04-10,160.02061462402344,160.02061462402344,158.0948001913657,159.4181788200064,47716900
2023-04-11,158.80584716796875,160.34649846878187,158.51943515436048,160.33662790848967,47644200
2023-04-12,158.1145477294922,160.05023261805474,157.7985089324277,159.22065338009935,50133100
2023-04-13,163.50682067871094,163.74384976611952,159.4181631056541,159.62556544083142,68445600
2023-04-14,163.16114807128906,164.25738296375815,161.78838681581487,162.54882677930067,49386500
2023-04-17,163.180908203125,163.33892759169828,161.99579292794192,163.04264500551295,41516200
2023-04-18,164.40554809570312,165.33389323571308,163.59570997116356,164.04014141829643,49923000
2023-04-19,165.55116271972656,166.07458878664085,163.48707013576512,163.74385542338587,47720200
2023-04-20,164.5832977294922,165.78816920558748,163.50681889136789,164.03024493447634,52456400
2023-04-21,162.9735107421875,164.38576938158798,162.45008473615934,163.00313749199609,58337300
2023-04-24,163.27964782714844,163.54630361878327,161.85750369783725,162.9537385417183,41949600
2023-04-25,161.739013671875,164.2475072794641,161.69950129216383,163.1414017604714,48714100
2023-04-26,161.7291259765625,163.23027992570658,160.78103984940847,161.03781003602157,45498800
2023-04-27,166.3214874267578,166.46962119212645,163.14141866066578,163.14141866066578,64902300
2023-04-28,167.57574462890625,167.7436496735743,165.79807897738758,166.40051480315444,55275900
2023-05-01,167.48683166503906,168.33616700655767,166.548616072207,167.18067853080987,52472900
2023-05-02,166.44985961914062,168.2374257243008,165.46226102978648,167.98064044655123,48425700
2023-05-03,165.37338256835938,168.80035091617836,165.08698560494395,167.39796271242133,65136000
2023-05-04,163.7339630126953,164.96846124572582,162.27232132426357,162.84513031273676,81235400
2023-05-05,171.41751098632812,172.13845380689077,168.64234602308835,168.85961893934999,113453200
2023-05-08,171.34835815429688,171.69402369424722,169.9755966946327,170.34100335662225,55962800
2023-05-09,169.63980102539062,171.38783954566773,169.47191108630196,170.90392591816433,45326900
2023-05-10,171.40762329101562,171.87179587293446,169.76820587698572,170.87432663815136,53724500
2023-05-11,171.5952606201172,172.4248398461332,170.0348529885771,171.69402651016821,49514700
2023-05-12,170.66561889648438,172.13916641173466,169.11293731632776,171.70401959715826,45533100
2023-05-15,170.17112731933594,171.29854623618587,169.57774258819362,171.2490949935239,37266700
2023-05-16,170.17112731933594,171.229311478379,169.90410268128184,170.0920083491569,42110300
2023-05-17,170.7843017578125,171.02164360752573,168.53934785672587,169.81512066054435,57951600
2023-05-18,173.11827087402344,173.30617657836305,170.6755268984154,171.0908902546592,65496700
2023-05-19,173.22703552246094,174.44345770293714,173.00946211256743,174.44345770293714,55809500
2023-05-22,172.2776336669922,172.78201528070161,171.5359102025042,172.06006024351018,43570900
2023-05-23,169.66677856445312,171.46670153051892,169.38986966050507,171.2194603598222,50747300
2023-05-24,169.9436798095703,170.51728111058472,168.63825433413288,169.2019563309073,45143500
2023-05-25,171.0809783935547,171.98092464144923,169.7953214946183,170.50737715893996,56058300
2023-05-26,173.4940643310547,173.83032378662378,171.1996741500605,171.40736336995897,54835000
2023-05-30,175.34341430664062,177.01476677794446,174.6214744245607,175.00716998790764,55964400
2023-05-31,175.29397583007812,177.37080753192686,174.80937774220615,175.37309480914308,99625300
2023-06-01,178.10263061523438,178.13229834590607,174.97749886766357,175.73900583250884,68901800
2023-06-02,178.95314025878906,179.77398268262323,177.2817876805341,179.03225923715402,61996900
2023-06-05,177.5982666015625,182.90900173212887,176.07525265044882,180.61461168229852,121946500
2023-06-06,177.23236083984375,178.1323071989488,175.47198988688834,177.98396853821802,64848400
2023-06-07,175.85769653320312,179.21028600208987,175.36321422162453,176.47084977063176,61944600
2023-06-08,178.5773468017578,178.84435638126445,175.50166626223591,175.93679801452896,50214900
2023-06-09,178.9630126953125,180.21898667599456,178.63665261745342,179.49704685610018,48900000
2023-06-12,181.76181030273438,181.86071280602803,178.97293777661235,179.26963019609002,54274900
2023-06-13,181.28709411621094,182.11782073883157,180.4266997635254,180.78272761470595,54929100
2023-06-14,181.9200439453125,182.35519080481038,180.0113494184458,181.3464426387383,57462900
2023-06-15,183.9573211669922,184.4617028293976,181.75193407830622,181.9299555739799,65433200
2023-06-16,182.87933349609375,184.92649747799743,182.2365125370702,184.66935702206612,101256200
2023-06-20,182.9683380126953,184.0463209118931,182.37496829785866,182.37496829785866,49799100
2023-06-21,181.929931640625,183.36392727035516,180.57503989811684,182.85954567430247,49515700
2023-06-22,184.93638610839844,184.98583735805877,181.6431320743364,181.7123668419414,51245300
2023-06-23,184.61988830566406,185.49018190726844,182.96831937745645,183.50236866585945,53117000
2023-06-26,183.22547912597656,185.97479955864205,183.18591209060443,184.76826151663462,48088700
2023-06-27,185.9846649169922,186.31102501891434,183.62104032161758,183.838613722899,50730800
2023-06-28,187.16152954101562,187.80435042269775,185.5297441703453,185.85608917215896,51216800
2023-06-29,187.49778747558594,187.9725013298976,186.85496654717443,186.9934209820816,46347300
2023-06-30,191.8294677734375,192.3338342950544,189.14936702429083,189.51529419368583,85213200
2023-07-03,190.33615112304688,191.7404791738125,189.64386376682972,191.6415766685233,31458200
2023-07-05,189.2185821533203,190.8503675642152,188.51641070905347,189.45593906907268,46920300
2023-07-06,189.69329833984375,189.90098754652763,187.1121001189567,187.74503686210437,45094300
2023-07-07,188.5757598876953,190.54380484505052,188.14062814608695,189.29771490007704,46815000
2023-07-10,186.52859497070312,187.89337080979294,184.97591346212693,187.17141585961895,59922200
2023-07-11,186.0044708251953,187.21100889013437,184.54080738706045,187.07255444450544,46638100
2023-07-12,187.67579650878906,189.5844907414315,186.3901396467477,187.58677823550266,60750200
2023-07-13,188.4373016357422,189.0801376574393,187.6856939986458,188.39774969290625,41342300
2023-07-14,188.5856475830078,189.07023054213465,187.53734760154848,188.13071726198152,41616200
2023-07-17,191.8492431640625,192.17560328436687,189.69329254549467,189.7822957354681,50520200
2023-07-18,191.59213256835938,192.18551744143946,190.29659118888551,191.21633623311922,48288200
2023-07-19,192.94699096679688,196.04243976648678,190.5240157315845,190.9690618542327,80507300
2023-07-20,190.99874877929688,194.30188710755215,190.37569621729313,192.93711105379268,59581200
2023-07-21,189.8218994140625,192.81846144486693,189.1197277911141,191.9580669282215,71951700
2023-07-24,190.62294006347656,192.7591073714878,190.12845772868155,191.27566036710277,45377800
2023-07-25,191.4833221435547,192.29428036369316,190.79104993758423,191.19652904765346,37283200
2023-07-26,192.35362243652344,193.4810415222525,191.18665140498055,191.53277997466063,47471900
2023-07-27,191.0877227783203,195.02379728115702,190.4251183711132,193.85682640916855,47460200
2023-07-28,193.6689453125,194.4601200346163,191.99759267326004,192.5217427199515,48291400
2023-07-31,194.28208923339844,194.32165626732748,193.10521896564188,193.8963936498011,38824100
2023-08-01,193.45135498046875,194.55899044039094,193.12499487022708,194.07440747187567,35175100
2023-08-02,190.45480346679688,193.026102358892,189.73286353794578,192.88764791924382,50389300
2023-08-03,189.0603485107422,190.2471029357017,188.58564975883863,189.4559433793295,61235200
2023-08-04,179.98165893554688,185.31217710978225,179.9124241755589,183.47270249377223,115956800
2023-08-07,176.8763427734375,181.10911048560996,175.39289572224425,180.12014578481444,97576100
2023-08-08,177.81582641601562,178.28064095471063,175.6203239410226,177.70703971354655,67823000
2023-08-09,176.22361755371094,178.93337110075507,175.05663139218126,178.87403563482027,60378500
2023-08-10,176.00604248046875,178.75536303948698,175.64013038367378,177.4993736907431,54686900
2023-08-11,176.06544494628906,176.88739582771854,174.83748251539495,175.60001780962375,52036700
2023-08-14,177.7192840576172,177.9470488771055,175.5901295190144,176.24373129053612,43675600
2023-08-15,175.72874450683594,177.73905244130324,175.3326305229056,177.1448814654077,43622600
2023-08-16,174.85728454589844,176.80816171418965,174.78795629022963,175.4118501481314,46964900
2023-08-17,172.3122100830078,175.78815784652573,171.79724982185638,175.42175166053434,66062900
2023-08-18,172.79745483398438,173.40153844678508,170.29199700813362,170.62869538621166,61172200
2023-08-21,174.13436889648438,174.42156439236868,172.05474771785234,173.37184868637627,46311900
2023-08-22,175.51087951660156,175.95651153189084,174.54038966607246,175.34253031574917,42038900
2023-08-23,179.36314392089844,179.78898080878903,176.60021337314086,176.78837280424742,52722800
2023-08-24,174.66912841796875,179.3433458832632,174.30270712253693,178.91750900229638,54945800
2023-08-25,176.8775177001953,177.4122731545347,174.1145868163421,175.6594526964133,51449600
2023-08-28,178.44216918945312,178.83828316683332,176.8180777049469,178.34313313971825,43820700
2023-08-29,182.33404541015625,183.10647826164347,177.7588638881504,177.95692088146865,53003900
2023-08-30,185.82981872558594,186.0278908459401,182.9480567481202,183.14611375769312,60813900
2023-08-31,186.04766845703125,187.28554353881972,185.66145203594442,186.0179606639307,60794500
2023-09-01,187.62225341796875,188.0777829772235,186.45369150574666,187.65196121049496,45766500
2023-09-05,187.8599090576172,188.13719185182467,185.79018566129048,186.45368485534252,45280000
2023-09-06,181.1357879638672,187.01817274976997,179.70975345688714,186.57252563325392,81755800
2023-09-07,175.83766174316406,176.48136579557718,171.85665159906446,173.48074295917408,112488800
2023-09-08,176.45166015625,178.4916910043361,176.06544373133067,176.62002446653017,65551300
2023-09-11,177.62020874023438,178.5510931586707,175.61979850768685,178.32332838951461,58953100
2023-09-12,174.5898895263672,178.38274026371693,173.12424978673155,177.7489488808384,90370200
2023-09-13,172.52017211914062,175.58019553637163,172.2923922361182,174.79785006313273,84267900
2023-09-14,174.0353240966797,174.39183269426235,171.89627251118375,172.31219668990042,60895800
2023-09-15,173.3124237060547,174.78797636853713,172.1339792213286,174.76816613453047,109259500
2023-09-18,176.2436981201172,177.64002479353724,174.46115503817452,174.76814563074643,67257600
2023-09-19,177.33302307128906,177.88758863735939,175.41183870970377,175.79805509398693,51826900
2023-09-20,173.7877655029297,177.95692035427507,173.69862701203755,177.52118590379774,58436200
2023-09-21,172.24285888671875,174.58987998681354,172.17354574949883,172.85685511620576,63149100
2023-09-22,173.09457397460938,175.3623700081762,172.36176146082417,172.97574278011072,56725400
2023-09-25,174.37203979492188,175.2534062611611,172.46075278406465,172.51027081019092,46172700
2023-09-26,170.29202270507812,173.50058556280408,169.99492963397503,173.12428177613603,64588900
2023-09-27,168.77684020996094,171.3615240971404,167.41023633579258,170.94559986493434,66921800
2023-09-28,169.03433227539062,170.36133082824708,165.9941036111019,167.69742105029528,56294400
2023-09-29,169.5492706298828,171.39122924497295,168.68769934956754,170.3514112168,51861100
2023-10-02,172.0646514892578,172.60931959526494,169.2719978061565,169.55919331240622,52164500
2023-10-03,170.72772216796875,171.9458021063211,169.1630613901914,170.58908076573104,49594600
2023-10-04,171.97549438476562,172.52016238398562,169.3115850792172,169.43041623876405,53020300
2023-10-05,173.21339416503906,173.74814957044222,171.00501406167223,172.1042477774046,48527900
2023-10-06,175.7683563232422,176.26350633418187,171.50015053588783,172.1141468247828,57266700
2023-10-09,177.25381469726562,177.3132302836497,174.09475506108697,175.09495269037185,42390800
2023-10-10,176.65963745117188,177.97673842144718,176.2239029815132,176.37245706568626,43698000
2023-10-11,178.05596923828125,178.10548726772782,175.87731193966172,176.4714829606774,47551100
2023-10-12,178.9571533203125,180.57133234869775,177.3033387116547,178.32336180549302,56743100
2023-10-13,177.1151885986328,180.16529977566205,176.41206884050376,179.6602521369707,51427100
2023-10-16,176.98641967773438,177.34292828713865,174.79784999846225,175.0355274416581,52517000
2023-10-17,175.43165588378906,176.6893412361662,173.1044597256959,174.93650583601004,57549400
2023-10-18,174.13436889648438,175.85749653944856,173.4114540423014,173.87689630601963,54764400
2023-10-19,173.75802612304688,176.11492959642945,173.49064092053683,174.33238676432447,59302900
2023-10-20,171.2030792236328,173.71843472751576,170.96540176933075,173.60950111647477,64244000
2023-10-23,171.32191467285156,172.32211231863303,168.2816861592976,169.25219112217718,55980100
2023-10-24,171.7576141357422,171.98537887782854,169.786911928572,171.37139778577966,43816600
2023-10-25,169.4403533935547,171.38133313025827,168.99470625930118,170.2127862637829,57157000
2023-10-26,165.2711639404297,169.71761631425704,164.06299674951495,168.71740365821697,70625300
2023-10-27,166.58827209472656,167.32109955610002,165.21175565878588,165.29098147440297,58499100
2023-10-30,168.63819885253906,169.50966778359705,167.23197451155576,167.3805285943209,51131000
2023-10-31,169.11355590820312,169.24228464861295,166.27138428536674,167.70733154956028,44846000
2023-11-01,172.28248596191406,172.53995851269775,168.4698250558493,169.34129385969914,56934900
2023-11-02,175.84759521484375,176.05554977286621,173.75806140886317,173.8174769968696,77334800
2023-11-03,174.9364776611328,175.10484194774793,171.66849996074876,172.54986629941328,79829200
2023-11-06,177.49148559570312,177.68954259678722,174.50079012453784,174.66913933099835,63841300
2023-11-07,180.0563507080078,180.67033186387974,177.23398970359145,177.4419442386158,70530000
2023-11-08,181.115966796875,181.67053238037917,179.8285737718667,180.5812114444328,49340300
2023-11-09,180.640625,182.33402952271553,180.04643896103886,181.18529301725127,53763500
2023-11-10,184.8351287841797,185.00371491529177,181.98922784820692,182.425536381392,66133400
2023-11-13,183.24856567382812,184.46823531200093,182.66352248721634,184.26000678217753,43627500
2023-11-14,185.8664093017578,186.53078271340215,184.7359804157126,186.1242211071054,60108400
2023-11-15,186.43161010742188,187.90910668353808,186.20354524355434,186.2729648412074,53790500
2023-11-16,188.11734008789062,189.35684600106327,187.06622636374277,187.9785160308428,54412900
2023-11-17,188.09750366210938,188.78171334674664,186.98691120628507,188.65279989002153,50922700
2023-11-20,189.84271240234375,190.29885721130628,188.28590092727276,188.29581152699646,46505100
2023-11-21,189.03952026367188,189.91213724546566,188.14708208188244,189.80306012274144,38134500
2023-11-22,189.70388793945312,191.31028267101584,189.22792193208022,189.88238464889707,39617700
2023-11-24,188.37515258789062,189.2973377280717,187.66119596873028,189.26759079649733,24048300
2023-11-27,188.19664001464844,189.06925694915728,187.3141124806788,188.32555346106983,40552600
2023-11-28,188.80154418945312,189.47584330827428,187.80993940877178,188.18675406725092,38415400
2023-11-29,187.78018188476562,190.47734794655034,187.3835460471391,189.2973359031836,43014200
2023-11-30,188.35531616210938,188.7222202024886,186.61009727764167,188.2462390361622,48794400
2023-12-01,189.6344757080078,189.95178132302283,187.64134070945283,188.73211185944243,45704800
2023-12-04,187.8396759033203,188.45448112204545,185.87630278327032,188.38506152852514,43389500
2023-12-05,191.7961883544922,192.76795676998717,188.58338352707358,188.61314558971708,66628400
2023-12-06,190.7054443359375,193.12494736273675,190.4972006683192,192.81755229252437,41089700
2023-12-07,192.63905334472656,193.3629205543118,191.96475426663108,192.0044269286476,47477700
2023-12-08,194.0669708251953,194.34461894265894,192.04408867717459,192.56963798027982,53406400
2023-12-11,191.5581817626953,191.8655919183663,189.8129630007935,191.48877730415995,60943700
2023-12-12,193.0753631591797,193.08527375940776,190.11045957675134,191.45904261144975,52696900
2023-12-13,196.29806518554688,196.33772271445184,193.21417408717826,193.45214952198077,70404200
2023-12-14,196.44680786132812,197.94412551234106,194.51318172109634,196.3575670696298,66831600
2023-12-15,195.91134643554688,196.734365015635,195.34612449787411,195.87167377464695,128538400
2023-12-18,194.2454376220703,194.97923052273018,192.75803062150393,194.44375552934187,55751900
2023-12-19,195.28662109375,195.29653169314724,194.2454331909677,194.51317068155427,40714100
2023-12-20,193.19435119628906,196.0204155959587,193.19435119628906,195.24696511767544,52242800
2023-12-21,193.04559326171875,195.42545358966169,191.875506993429,194.45368523269553,46482500
2023-12-22,191.97467041015625,193.7694724442452,191.34995462543642,193.54139247575878,37149600
2023-12-26,191.4293212890625,192.26226574027075,191.21116700936184,191.984617589868,28919300
2023-12-27,191.5284423828125,191.87551008122907,189.48573911500236,190.87399477798158,48087700
2023-12-28,191.95484924316406,193.0257841884141,191.5482876644632,192.51014548202977,34049900
2023-12-29,190.91366577148438,192.76796185552627,190.12037892679615,192.27215946893213,42672100
2024-01-02,184.0814971923828,186.85799339797134,182.34618895522584,185.5788148528252,82488700
2024-01-03,182.70318603515625,184.3195067154423,181.8900628291485,182.67343910134508,58414500
2024-01-04,180.38284301757812,181.55292948513,179.36149122617633,180.6208184994182,71983600
2024-01-05,179.65895080566406,181.22568820887324,178.6574354024576,180.46216340525032,62379700
2024-01-08,184.00218200683594,184.04185467153414,179.97626898919978,180.56131218264795,59144500
2024-01-09,183.58570861816406,183.59561921893004,181.19593746369003,182.37594957443397,42841800
2024-01-10,184.62689208984375,184.83512061558696,182.375945055311,182.80234296869347,46792900
2024-01-11,184.03192138671875,185.4796709750172,182.07845882443647,184.97394287034564,49128400
2024-01-12,184.35914611816406,185.17226924419936,183.63527891547233,184.49797017252533,40477800
2024-01-16,182.08836364746094,182.71306427754865,179.4110190331086,180.630703626113,65603000
2024-01-17,181.14634704589844,181.39424823145328,178.786338048284,179.74819585869176,47317400
2024-01-18,187.04641723632812,187.55213023449687,184.2699207854721,184.52773258500528,78005800
2024-01-19,189.95179748535156,190.33852272040096,187.23481023986653,187.74052319933506,68903000
2024-01-22,192.2622528076172,193.69016613117572,190.64593215238241,190.68560481730813,60133900
2024-01-23,193.54139709472656,194.10661903356933,192.20273983497614,193.38275184285894,42355600
2024-01-24,192.8671112060547,194.73133285541883,192.70845082511164,193.7793857004472,53631300
2024-01-25,192.53990173339844,194.62227786062397,191.48880306885755,193.5810897970112,54822100
2024-01-26,190.80458068847656,193.1249321296598,190.3286146537771,192.63905549468925,44594000
2024-01-29,190.120361328125,190.5864167388377,187.98841731539085,190.39800942846193,47145600
2024-01-30,186.4613494873047,190.18979301004535,185.89614265093053,189.33701232459805,55859400
2024-01-31,182.85189819335938,185.52924295226458,182.80233006356883,185.46973396127981,55467800
2024-02-01,185.29127502441406,185.38051582576702,182.27680306565713,182.44537406733116,64885400
2024-02-02,184.28973388671875,185.75730456104918,177.7451370154647,178.35001646911297,102551700
2024-02-05,186.1043701171875,187.6611968198497,184.27982102914154,186.57042555488334,69668800
2024-02-06,187.7107696533203,187.72068025311026,185.2020110139772,185.2912518041467,43490800
2024-02-07,187.8198699951172,189.44610127224303,187.02658312392904,189.03953967028943,53439000
2024-02-08,186.739013671875,187.94875754592414,185.77715585449096,187.8000228857875,40962000
2024-02-09,187.50352478027344,188.63539609029752,186.65957913376621,187.304938639922,45155200
2024-02-12,185.81564331054688,187.32481018702742,185.45820944901192,187.07659264846137,41781900
2024-02-13,183.72067260742188,184.88234393093236,182.20158259974826,184.4454786725173,56529500
2024-02-14,182.8369903564453,184.20715569890234,181.13919127121986,183.9986614989588,54630500
2024-02-15,182.54908752441406,183.17460050228618,180.05698915939104,182.2413002337134,65434500
2024-02-16,181.01011657714844,183.53201471208476,180.3746804207065,182.11220281800786,49752500
2024-02-20,180.26548767089844,181.12927978468986,178.7166127841021,180.49384354523508,53665600
2024-02-21,181.0200958251953,181.58602394146726,179.37192771465521,180.64280031434973,41371400
2024-02-22,183.05545043945312,183.64125529629035,181.15908011476066,182.17179668082835,52292200
2024-02-23,181.21864318847656,183.72066477086588,180.9307023940782,183.6908798817894,45119700
2024-02-26,179.86834716796875,181.45693020455124,179.36197373162466,180.94064867140935,40867400
2024-02-27,181.32785034179688,182.60864595739088,178.27973221361,179.80876047563007,54318900
2024-02-28,180.12646484375,181.8143407318694,178.84566927188095,181.20868945525086,48953900
2024-02-29,179.46127319335938,181.26830407372196,178.2499704416867,179.97756989489093,136682600
2024-03-01,178.37904357910156,179.24283570733874,176.11530099131116,178.26982726346276,73563100
2024-03-04,173.85153198242188,175.63868574855184,172.55085963930404,174.89403329600003,81510100
2024-03-05,168.9070587158203,170.8133675141066,168.4106236594959,169.54249498191575,95132400
2024-03-06,167.91416931152344,170.01906401050476,167.47730408815008,169.8403395327639,68587700
2024-03-07,167.7950439453125,169.51270494606766,167.28868565722726,167.94396839769192,71765100
2024-03-08,169.5126953125,172.4615205019895,167.73546463179477,167.79503440936114,76267000
2024-03-11,171.51829528808594,173.13667826239134,170.8232893067872,171.7069430151515,60139500
2024-03-12,171.994873046875,172.7891721100731,169.79070034274764,171.91544162555573,59825400
2024-03-13,169.90985107421875,171.95516088785197,169.54247886546352,171.53815729817867,52488700
2024-03-14,171.7665252685547,173.06718266017282,170.82330171470906,171.67717059661035,72913500
2024-03-15,171.38922119140625,171.38922119140625,169.0758321837892,169.94956266563446,121752700
2024-03-18,172.4813690185547,176.44292557517804,172.28279805844676,174.3181844870376,75604200
2024-03-19,174.82455444335938,175.35077434046616,171.79629786095623,173.09695515946524,55215200
2024-03-20,177.39608764648438,177.39608764648438,173.84161109695287,174.46712406809783,53423100
2024-03-21,170.1481475830078,176.22452301821235,169.62192763151074,175.78765774149878,106181300
2024-03-22,171.05165100097656,171.8161651814705,168.84747827799018,170.53535433298114,71160100
2024-03-25,169.63186645507812,170.71409125238694,168.24183919385965,169.35386403283357,54288300
2024-03-26,168.49998474121094,170.19778406175462,168.37090678526505,168.78791039294236,57388400
2024-03-27,172.07431030273438,172.36225110852925,168.89712909220745,169.19499314475576,60273300
2024-03-28,170.25735473632812,171.00200728609337,169.29426955996547,170.5254338962422,65672700
2024-04-01,168.81768798828125,170.02899062252595,168.27160644825386,169.969420845431,46240500
2024-04-02,167.63616943359375,168.13260444031488,167.0305181193942,167.87446369081778,49329500
2024-04-03,168.44039916992188,169.46305411699578,167.37803608655156,167.5865303145986,47691700
2024-04-04,167.6163330078125,170.69422114433502,167.6163330078125,169.0758380772312,53704400
2024-04-05,168.37091064453125,169.17513298848516,167.74539764368038,168.3808338913719,42104800
2024-04-08,167.24896240234375,167.99361496437555,167.04046816897213,167.82482886831443,37425500
2024-04-09,168.4602508544922,168.86733118994096,167.14967033425899,167.49716574379335,42373800
2024-04-10,166.58372497558594,167.8843822327512,165.91850390321875,167.59645660291815,49709300
2024-04-11,173.7919921875,174.20901100120696,166.96105555101482,167.1397649140348,91070300
2024-04-12,175.2912139892578,177.0883063929916,172.96790166012116,173.0175330436537,101670900
2024-04-15,171.45872497558594,175.37063525095596,171.27007724910962,174.10968609239896,73531800
2024-04-16,168.1723175048828,172.5210775974863,167.0702312509368,170.52541444574328,73711200
2024-04-17,166.80215454101562,169.43325389490929,166.80215454101562,168.4006757947001,50901200
2024-04-18,165.8489990234375,167.4375970919546,165.36250241682455,166.83194578270678,43122900
2024-04-19,163.82357788085938,165.21359005742565,162.91013914340203,165.02495745131748,68149400
2024-04-22,164.65756225585938,166.06743588145892,163.59519920100377,164.33985172403135,48116400
2024-04-23,165.7100067138672,165.85894631264824,163.74412823991455,164.17107024309314,49537800
2024-04-24,167.8148956298828,168.09289802448964,165.02493328758231,165.35256706337344,48251800
2024-04-25,168.6787109375,169.39357866495865,166.95111140447554,168.32127707377066,50558300
2024-04-26,168.0928955078125,170.1183436596222,167.97374080476908,168.66876193087458,44838400
2024-04-29,172.26295471191406,174.7749147415349,171.86581274952138,172.1338767566388,68169400
2024-04-30,169.1155548095703,173.74233280675443,168.78790588015656,172.09416491333778,65934800
2024-05-01,168.0928955078125,171.47858587357683,167.90424778215495,168.37089789825708,50383100
2024-05-02,171.79629516601562,172.1835138606425,169.67155396857694,171.27999852318183,94214900
2024-05-03,182.072509765625,185.66669440285864,181.3576421366733,185.3191838346203,163224100
2024-05-06,180.41441345214844,182.8866500436298,179.13360267463952,181.04984964293004,78569700
2024-05-07,181.0994873046875,183.5816623782166,180.02720100491794,182.1420038655686,77305800
2024-05-08,181.43707275390625,181.76472167822584,180.1562619452029,181.5462890620128,45057100
2024-05-09,183.2540283203125,183.34338298682428,180.81156138569682,181.25834986825006,48983000
2024-05-10,181.99136352539062,184.01955884653998,181.07668601424152,183.83065525294157,50759500
2024-05-13,185.2026824951172,186.01794745703555,183.55227916041125,184.3675441223296,72044800
2024-05-14,186.3460235595703,187.2110023802185,185.2126171602605,186.42556271379902,52393600
2024-05-15,188.62281799316406,189.54743236218252,186.2864023770235,186.82328796013638,70400000
2024-05-16,188.7421112060547,189.99483406684226,188.56315946625315,189.36847263644847,52845200
2024-05-17,188.7719268798828,189.70649303935699,188.08591490450098,188.4140082479681,41282900
2024-05-20,189.93516540527344,190.81008101901142,187.91690657220929,188.2350632210391,44361300
2024-05-21,191.2375946044922,191.6153866469515,189.815856788038,189.98487181213304,42309400
2024-05-22,189.7959747314453,191.7048842739564,189.1696284842733,191.15806201805708,34648500
2024-05-23,185.79922485351562,189.89539287135,185.55067067436462,189.87550428926582,51005900
2024-05-24,188.88128662109375,189.47782271626807,186.9525037733123,187.72800676525614,36327000
2024-05-28,188.89125061035156,191.8838376427625,188.00639828711084,190.40244918609352,52280100
2024-05-29,189.18951416015625,191.13818582461732,188.41402624535667,188.51345399670836,53068000
2024-05-30,190.1837158203125,191.06856812279528,189.52754429358754,189.6567821553814,49889100
2024-05-31,191.13818359375,191.45634025792617,188.81171987650453,190.33287039705309,75158300
2024-06-03,192.9078826904297,193.8623374845637,191.4066207978332,191.784412862338,50080500
2024-06-04,193.2260284423828,194.19041988861153,191.91365507081835,193.51434462038463,47471400
2024-06-05,194.7372283935547,195.76127042413225,193.74301165159252,194.269945311189,54156800
2024-06-06,193.3552703857422,195.3635924798522,193.04706561878618,194.55827933508485,41181800
2024-06-07,195.7513427734375,195.80105664694403,193.01724660656404,193.52429170702464,53103900
2024-06-10,192.0031280517578,196.15896182874013,191.03873662001607,195.76126603853862,97010200
2024-06-11,205.95199584960938,205.96194772636147,192.51019617172983,192.53006958414636,172373300
2024-06-12,211.83778381347656,218.9265393804105,205.7034527218097,206.1707358379729,198134300
2024-06-13,213.00099182128906,215.49647028335949,210.37626033331,213.49810017257707,97862700
2024-06-14,211.26112365722656,213.92561727783075,210.07800329190465,212.61325905037393,70122700
2024-06-17,215.41693115234375,217.68374402084368,211.48977821080922,212.13601299934342,93728300
2024-06-18,213.0507049560547,217.3656172672209,211.7681719978675,216.3316233309755,79943300
2024-06-20,208.4673614501953,213.00100258632773,207.64217489543017,212.6927826496957,86172500
2024-06-21,206.2900390625,210.66458669732776,205.91223184266303,209.17326157128963,241805100
2024-06-24,206.936279296875,211.46990537136972,205.39524025887107,206.51871007112354,80727000
2024-06-25,207.86090087890625,210.15753911842552,207.40355450398363,207.94042486793816,55549700
2024-06-26,212.0167236328125,213.61741321993355,209.42181728774156,210.2768443064002,66213200
2024-06-27,212.86181640625,214.49233130131694,211.1219370597224,213.4484006592916,49772700
2024-06-28,209.40191650390625,214.8204096554565,209.08377504858177,214.52214161134154,82542700
2024-07-01,215.49647521972656,216.25207446959737,210.6944066158183,210.86342163866271,60402900
2024-07-02,218.9961395263672,219.10550398155982,213.85604047340246,214.89995598050683,58046200
2024-07-03,220.2687225341797,220.2687225341797,217.76329209306175,218.72768354780237,37369800
2024-07-05,225.03102111816406,225.14038557018992,220.36814201808318,220.36814201808318,60412400
2024-07-08,226.50247192382812,226.53229721329785,221.95889400104966,225.7766827586142,59085900
2024-07-09,227.3574676513672,228.0733048889389,225.0608295018841,226.61180512644188,48076100
2024-07-10,231.6326141357422,231.73204187894612,227.9241899064988,227.97390377810078,62627700
2024-07-11,226.25390625,231.04602295166967,224.46431311990926,230.0518062316796,64710600
2024-07-12,229.20669555664062,231.294556551059,227.3574520151832,227.59606946814418,53046500
2024-07-15,233.04440307617188,235.8580383346859,231.7419815445035,235.11237576276483,62631300
2024-07-16,233.4619903564453,234.9036016458956,230.9863851256273,233.64094209406048,43234300
2024-07-17,227.55633544921875,230.1214164943178,225.32928445945876,228.1230311101644,57345900
2024-07-18,222.8834991455078,229.10730558155058,220.9845567217071,228.94822726389444,66034600
2024-07-19,223.0127716064453,225.48837694008958,221.98872949944,223.5198318918375,49151500
2024-07-22,222.664794921875,226.4626951020567,221.799816014305,225.69714393989972,48201800
2024-07-23,223.70870971679688,225.6275559695254,221.3921828247117,223.07241159149987,39960300
2024-07-24,217.276123046875,223.4999296447353,215.8742889513949,222.70455320631825,61777600
2024-07-25,216.23219299316406,219.57276167257183,213.37878078186108,217.6638522810165,51391200
2024-07-26,216.69949340820312,218.22064384945838,214.76075857434793,217.4352041073067,41601300
2024-07-29,216.97787475585938,218.0317421116191,214.50226952108,215.70527849563507,36311800
2024-07-30,217.5346221923828,219.05577256608925,214.87011348402856,217.92236610782675,41643800
2024-07-31,220.795654296875,222.52559687691686,219.35404306544518,220.1593561933901,50036300
2024-08-01,217.09718322753906,223.1817852498598,215.76493634313655,223.07242079394348,62501000
2024-08-02,218.58848571777344,224.29529507499745,216.45092586682142,217.88258518105536,105568600
2024-08-05,208.0597381591797,212.26527065556354,194.866477978878,197.9386040162881,119548600
2024-08-06,206.03152465820312,208.7755724881847,199.90716125146164,204.11269368890086,69660500
2024-08-07,208.6065673828125,212.40446750854989,205.19639601521322,205.70344110024527,63516400
2024-08-08,212.0763702392578,212.96122253044004,207.6222834948103,211.87752992550045,47161100
2024-08-09,214.9894256591797,215.5262960046125,210.7441160828828,210.8733691090516,42201600
2024-08-12,216.52230834960938,218.49313190431408,214.60125621149956,215.06908018890428,38028100
2024-08-13,220.24497985839844,220.86210287308924,217.99543949730662,217.99543949730662,44155300
2024-08-14,220.69288635253906,221.99681536538918,218.68223972219693,219.54821978702563,41960600
2024-08-15,223.67898559570312,224.30607198028108,221.72805861485108,223.55954635601313,46414000
2024-08-16,225.00283813476562,225.77922361016536,222.6139468974481,222.88270038911833,44340200
2024-08-19,224.84356689453125,224.94310972106823,222.00676340736013,224.67435623990076,40687800
2024-08-20,225.460693359375,226.11763957317405,224.4056062095116,224.72413110884563,30299000
2024-08-21,225.35121154785156,226.92389412945442,224.00747444255492,225.4706659840429,34765500
2024-08-22,223.4898681640625,227.28221598709214,222.86278176595104,226.7347608131935,43695300
2024-08-23,225.78916931152344,227.16278137803022,223.29080225181497,224.61464290366072,38677300
2024-08-26,226.12759399414062,226.22713682494347,222.85284141893553,225.7095414433551,30602200
2024-08-27,226.97366333007812,227.7898720189865,223.84820980142854,224.9530683997657,35934600
2024-08-28,225.4407958984375,228.79517959293358,224.63453544627717,226.86416416696267,38052200
2024-08-29,228.72549438476562,231.84099956412553,227.819721489883,229.03407107214645,51906300
2024-08-30,227.9391632080078,229.33267166766268,226.42620031745173,229.123652992766,52990800
2024-09-03,221.73802185058594,227.93915711237167,220.14542777805318,227.49124477575393,50190600
2024-09-04,219.82691955566406,220.75260404502964,216.47252073588626,220.6331648046219,43840200
2024-09-05,221.34983825683594,224.43546851590304,220.49382156548631,220.60331260233696,36615400
2024-09-06,219.79705810546875,224.1965806221913,218.75191919539128,222.91254804497814,48423000
2024-09-09,219.8866424560547,220.24497537072617,215.7061019102892,219.79706302441255,67180000
2024-09-10,219.09034729003906,220.45399594379384,215.72600018375593,217.905857501112,51591000
2024-09-11,221.6285400390625,222.05654079085224,216.88063262193214,220.43410202901993,44587100
2024-09-12,221.73802185058594,222.5144072842174,218.80169076819996,221.46926837337423,37455600
2024-09-13,221.4692840576172,223.00214343080088,220.8820208371711,222.54428285449177,36766600
2024-09-16,215.3179168701172,216.21374159471785,212.92902562434276,215.5368837592455,59357400
2024-09-17,215.78570556640625,215.89519659483264,213.50632075947794,214.75053008791312,45519300
2024-09-18,219.6676788330078,221.6783256446234,216.53226176931298,216.54222516573412,59894900
2024-09-19,227.8097686767578,228.75538000957175,223.58941994126667,223.94775287051627,66781300
2024-09-20,227.1428680419922,232.01021467188832,226.56555305015522,228.90467282845125,318679900
2024-09-23,225.4208984375,228.3870895913876,224.76395218553373,226.28686337720748,54146000
2024-09-24,226.3166961669922,228.28753468756818,224.6842941282367,227.59076531001585,43556100
2024-09-25,225.3213348388672,226.23707111110926,222.9822303399746,223.88800321688734,42308700
2024-09-26,226.4660186767578,227.44147457763864,224.36579263659118,226.24703661091274,36636700
2024-09-27,226.73475646972656,228.45675318264773,226.24703611440785,227.40166606122023,34026000
2024-09-30,231.92063903808594,231.92063903808594,228.58615167195362,228.97434440874213,54541900
2024-10-01,225.16209411621094,228.5861456381701,222.70353511874544,228.45675818805825,63285000
2024-10-02,225.7294464111328,226.31670960653594,221.98686997976517,224.84356992020335,32880600
2024-10-03,224.6245880126953,225.75930638603796,222.28548343692833,224.09704443839323,34044200
2024-10-04,225.7493438720703,226.94378179124593,223.0917145657714,226.84423896960539,37245100
2024-10-07,220.6630401611328,224.64451046166124,220.3047072265611,223.4600206171574,39505400
2024-10-08,224.72415161132812,224.93317030599542,222.21582095858878,223.26095999623888,31855700
2024-10-09,228.47665405273438,228.68568791487783,223.78848153487698,224.18662246797504,33591100
2024-10-10,227.97897338867188,228.43684913724616,226.11764095959848,226.72481576308653,28183500
2024-10-11,226.4958953857422,228.34727968813561,226.28686151162026,228.23778864704394,31759200
2024-10-14,230.228515625,230.65651637799863,227.54102629778745,227.64055393917852,39882100
2024-10-15,232.76669311523438,236.38983016358188,231.29353829774286,232.527799450427,64751400
2024-10-16,230.70628356933594,231.0447048824563,228.7752681420796,230.52712470524975,34082200
2024-10-17,231.07456970214844,232.76670668063704,229.4521309302649,232.348638945834,32993800
2024-10-18,233.91136169433594,235.0858880500012,232.92594240501305,235.0858880500012,46431500
2024-10-21,235.38450622558594,235.75280253487685,233.36391138062547,233.36391138062547,36254500
2024-10-22,234.76739501953125,235.12572795126604,231.52250221800776,232.80651969699693,38846600
2024-10-23,229.69100952148438,234.05072423456664,226.7049068825192,232.99563706556216,52287000
2024-10-24,229.50189208984375,229.75073396519565,227.35189464165862,228.91461372105516,31109500
2024-10-25,230.3380126953125,232.13962556438537,228.5065400142299,228.6757506783198,38802300
2024-10-28,232.31878662109375,233.6426273223557,231.4727332926884,232.23917058038825,36087100
2024-10-29,232.58753967285156,233.24448591818899,231.24380255804743,232.02018805231754,35417200
2024-10-30,229.03407287597656,232.38845656475567,228.48661770128336,231.5324398883544,47070900
2024-10-31,224.8634796142578,228.76531846185907,224.32597264925337,228.27758291037028,64370100
2024-11-01,221.8773651123047,224.30606415529357,219.2495956140762,219.94634980146594,65276700
2024-11-04,220.98153686523438,221.75792231303782,218.69220372782075,219.96627293386246,44944500
2024-11-05,222.4148712158203,222.91255498009295,220.11557465497725,220.7725208689619,28111300
2024-11-06,221.68824768066406,225.02273483375984,220.16533664224426,221.57875664968802,54561100
2024-11-07,226.42620849609375,226.82436463330757,223.52970043689453,223.5894200604507,42137700
2024-11-08,226.15716552734375,227.8511489598711,225.60910803907555,226.366414165256,38328800
2024-11-11,223.4368133544922,224.90161465065876,220.7164746065314,224.20409384410638,42005600
2024-11-12,223.4368133544922,224.79200315214243,222.5698957238352,223.75568869738083,40398300
2024-11-13,224.3236541748047,225.84824072641777,221.97200184604,223.2175800878685,48566200
2024-11-14,227.41270446777344,228.06039910056816,224.20409355692922,224.22402706703753,44923900
2024-11-15,224.20408630371094,226.1172926822584,223.47667285882866,225.59912786989784,47923700
2024-11-18,227.21339416503906,228.92731096181708,224.37346982490487,224.4531886532215,44633700
2024-11-19,227.4724884033203,229.34584301691135,225.8582238051146,226.17708394083317,36211800
2024-11-20,228.18994140625,229.11664435033194,225.0909420304879,227.25326410482543,35169600
2024-11-21,227.71163940429688,229.34583747298603,224.9115819089953,228.07036655131708,42108300
2024-11-22,229.05685424804688,229.9038535446,227.2532593649619,227.2532593649619,38168300
2024-11-25,232.04624938964844,232.42491005721112,228.92733167542056,230.64124862727573,90152800
2024-11-26,234.22850036621094,234.73670603206307,232.50462429580293,232.50462429580293,45986200
2024-11-27,234.0989532470703,234.85627456038557,232.98291999142185,233.6405889619916,33498400
2024-11-29,236.49046325683594,236.96876103246996,233.1423484177734,233.979373326336,28481400
2024-12-02,238.7424774169922,239.93822952974793,236.32108052902282,236.4306920263062,48137100
2024-12-03,241.79165649414062,241.90126799408412,238.05492154808562,238.96170621081686,38861000
2024-12-04,242.150390625,243.2465056559754,240.3966217802532,242.01088645785893,44383900
2024-12-05,242.18026733398438,243.6749612569442,241.27349790971317,243.12691898237586,40033900
2024-12-06,241.98097229003906,243.7646488451358,241.2236661935451,242.0507319698173,36870600
2024-12-09,245.8771514892578,246.36542364679892,240.89483838917155,240.97455722335047,44649200
2024-12-10,246.8935546875,247.33200068563022,244.47214254503118,246.0166626912396,36914800
2024-12-11,245.6180877685547,249.91283942191654,245.38889040813984,247.08288910248365,45205800
2024-12-12,247.0828857421875,247.8601253939288,244.81093690846672,246.01666340683192,32777500
2024-12-13,247.2522735595703,248.40815863747187,245.36895982515324,246.9433725816478,33155300
2024-12-16,250.1519775390625,250.490786396497,246.7739697560149,247.1127786134494,51694800
2024-12-17,252.58334350585938,252.93211150871377,248.89643481128522,249.1953766416157,51356400
2024-12-18,247.1725616455078,253.38051965426092,246.86366065893745,251.26802371656945,56774100
2024-12-19,248.90640258789062,251.1085917693189,246.21595643132494,246.6245097734382,60882300
2024-12-20,253.5897979736328,254.09798847685343,244.82092317346877,247.16260139536695,147495300
2024-12-23,254.36703491210938,254.74568039470608,252.55346551957817,253.8688035675433,40858800
2024-12-24,257.28668212890625,257.2966260773909,254.386956808638,254.58626151312842,23234700
2024-12-26,258.1037292480469,259.1799258751944,256.7186620602343,257.27667867815336,27237100
2024-12-27,254.68588256835938,257.78489719249416,252.16483330495137,256.917949151404,42355300
2024-12-30,251.307861328125,252.60326573181473,249.86299361835324,251.33775398934142,35557500
2024-12-31,249.53416442871094,252.38404809530297,248.54766097322468,251.54702315387914,39480700
